Timestamp,คุณเคยซื้ออาหารแมวและมีประสบการณ์เลี้ยงแมวในบ้านหรือไม่,"แมวมีความหมายอย่างไรต่อคุณ เช่น เป็นเหมือนลูกของเรา, เป็นเพื่อนคลายเหงา [พิมพ์ตามความรู้สึกได้เลย]",คุณเลี้ยงแมวพันธุ์ใด [โปรดพิมพ์ระบุ],ปัจจุบันคุณซื้ออาหารแมวสำเร็จรูปชนิดเม็ดแบรนด์ใด[โปรดพิมพ์ระบุ],คุณสมบัติของอาหารแมวสำเร็จรูปชนิดเม็ดที่ส่งผลต่อการตัดสินใจซื้อ [ใช้วัตถุดิบจากธรรมชาติ],คุณสมบัติของอาหารแมวสำเร็จรูปชนิดเม็ดที่ส่งผลต่อการตัดสินใจซื้อ [ใช้วัตถุดิบนำเข้าจากต่างประเทศ เช่น เนื้อปลาทูน่าจากญี่ปุ่น],"คุณสมบัติของอาหารแมวสำเร็จรูปชนิดเม็ดที่ส่งผลต่อการตัดสินใจซื้อ [รสชาติกลมกล่อมอร่อยถูกปากแมว เช่น เทไว้แล้วแมวกินหมดไม่เหลือ, หยิบถุงแล้วแมวรอกิน]","คุณสมบัติของอาหารแมวสำเร็จรูปชนิดเม็ดที่ส่งผลต่อการตัดสินใจซื้อ [เป็นผลิตภัณฑ์จากต่างประเทศ เช่น ญี่ปุ่น, อเมริกา]",คุณสมบัติของอาหารแมวสำเร็จรูปชนิดเม็ดที่ส่งผลต่อการตัดสินใจซื้อ [แบรนด์มีชื่อเสียงเป็นที่รู้จัก],บรรจุภัณฑ์ (packaging) มีผลต่อการตัดสินใจซื้อใจหรือไม่,สำหรับบรรจุภัณฑ์อาหารแมว คุณชอบภาพแบบใด,บรรจุภัณฑ์ของอาหารแมวสำเร็จรูปชนิดเม็ดที่ส่งผลต่อการตัดสินใจซื้อ [บรรจุภัณฑ์ดูดีพรีเมียม],บรรจุภัณฑ์ของอาหารแมวสำเร็จรูปชนิดเม็ดที่ส่งผลต่อการตัดสินใจซื้อ [บรรจุภัณฑ์มีภาพแมว],บรรจุภัณฑ์ของอาหารแมวสำเร็จรูปชนิดเม็ดที่ส่งผลต่อการตัดสินใจซื้อ [บรรจุภัณฑ์มีภาพอาหารเม็ด รูปทรงของอาหารเม็ดจริงให้เห็น],บรรจุภัณฑ์ของอาหารแมวสำเร็จรูปชนิดเม็ดที่ส่งผลต่อการตัดสินใจซื้อ [บรรจุภัณฑ์มีภาพวัตถุดิบและส่วนผสมจริงให้เห็น],บรรจุภัณฑ์ของอาหารแมวสำเร็จรูปชนิดเม็ดที่ส่งผลต่อการตัดสินใจซื้อ [บรรจุภัณฑ์เป็นมิตรต่อสิ่งแวดล้อม],บรรจุภัณฑ์ของอาหารแมวสำเร็จรูปชนิดเม็ดที่ส่งผลต่อการตัดสินใจซื้อ [มีสัญลักษณ์สื่อถึงแหล่งผลิตหรือที่มา เช่น นำเข้าจากประเทศx],บรรจุภัณฑ์ของอาหารแมวสำเร็จรูปชนิดเม็ดที่ส่งผลต่อการตัดสินใจซื้อ [มีสัญลักษณ์์สื่อถึงประโยชน์หรือฟังก์ชั่น เช่น ช่วยลดก้อนขน],"บรรจุภัณฑ์ของอาหารแมวสำเร็จรูปชนิดเม็ดที่ส่งผลต่อการตัดสินใจซื้อ [มีการการันตี เช่น ได้รับรางวัล, ยอดขายอันดับ 1]",เมื่อนึกถึงบรรจุภัณฑ์อาหารแมวที่โดดเด่นและสะดุดตา คุณคิดถึงแบรนด์ใดเป็นอันดับแรก เพราะอะไร [โปรดพิมพ์ชื่อแบรนด์และเหตุผล],ถ้าคุณสามารถเพิ่มอะไรก็ได้เข้าไปในบรรจุภัณฑ์ของอาหารแมว คุณอยากเติมอะไร [พิมพ์ตามใจได้เลย] ,Option 1 คุณคิดเห็นอย่างไรกับการออกแบบบรรจุภัณฑ์นี้  [รู้สึกอยากซื้อสินค้า],Option 1 คุณคิดเห็นอย่างไรกับการออกแบบบรรจุภัณฑ์นี้  [รูู้สึกโดดเด่นและแตกต่างจากแบรนด์อื่นๆ],Option 1 คุณคิดเห็นอย่างไรกับการออกแบบบรรจุภัณฑ์นี้  [รู้สึกว่าสินค้าพรีเมียม คุณภาพดี],Option 1 คุณคิดเห็นอย่างไรกับการออกแบบบรรจุภัณฑ์นี้  [รู้สึกถึงรสชาติที่ดีกลมกล่อม แมวจะชอบทาน],Option 1 คุณคิดเห็นอย่างไรกับการออกแบบบรรจุภัณฑ์นี้  [รู้สึกว่าเป็นดีไซน์ที่เหมาะกับตัวฉัน],Option 2 คุณคิดเห็นอย่างไรกับการออกแบบบรรจุภัณฑ์นี้  [รู้สึกอยากซื้อสินค้า],Option 2 คุณคิดเห็นอย่างไรกับการออกแบบบรรจุภัณฑ์นี้  [รูู้สึกโดดเด่นและแตกต่างจากแบรนด์อื่นๆ],Option 2 คุณคิดเห็นอย่างไรกับการออกแบบบรรจุภัณฑ์นี้  [รู้สึกว่าสินค้าพรีเมียม คุณภาพดี],Option 2 คุณคิดเห็นอย่างไรกับการออกแบบบรรจุภัณฑ์นี้  [รู้สึกถึงรสชาติที่ดีกลมกล่อม แมวจะชอบทาน],Option 2 คุณคิดเห็นอย่างไรกับการออกแบบบรรจุภัณฑ์นี้  [รู้สึกว่าเป็นดีไซน์ที่เหมาะกับตัวฉัน],Option 3 คุณคิดเห็นอย่างไรกับการออกแบบบรรจุภัณฑ์นี้  [รู้สึกอยากซื้อสินค้า],Option 3 คุณคิดเห็นอย่างไรกับการออกแบบบรรจุภัณฑ์นี้  [รูู้สึกโดดเด่นและแตกต่างจากแบรนด์อื่นๆ],Option 3 คุณคิดเห็นอย่างไรกับการออกแบบบรรจุภัณฑ์นี้  [รู้สึกว่าสินค้าพรีเมียม คุณภาพดี],Option 3 คุณคิดเห็นอย่างไรกับการออกแบบบรรจุภัณฑ์นี้  [รู้สึกถึงรสชาติที่ดีกลมกล่อม แมวจะชอบทาน],Option 3 คุณคิดเห็นอย่างไรกับการออกแบบบรรจุภัณฑ์นี้  [รู้สึกว่าเป็นดีไซน์ที่เหมาะกับตัวฉัน],Option 4 คุณคิดเห็นอย่างไรกับการออกแบบบรรจุภัณฑ์นี้  [รู้สึกอยากซื้อสินค้า],Option 4 คุณคิดเห็นอย่างไรกับการออกแบบบรรจุภัณฑ์นี้  [รูู้สึกโดดเด่นและแตกต่างจากแบรนด์อื่นๆ],Option 4 คุณคิดเห็นอย่างไรกับการออกแบบบรรจุภัณฑ์นี้  [รู้สึกว่าสินค้าพรีเมียม คุณภาพดี],Option 4 คุณคิดเห็นอย่างไรกับการออกแบบบรรจุภัณฑ์นี้  [รู้สึกถึงรสชาติที่ดีกลมกล่อม แมวจะชอบทาน],Option 4 คุณคิดเห็นอย่างไรกับการออกแบบบรรจุภัณฑ์นี้  [รู้สึกว่าเป็นดีไซน์ที่เหมาะกับตัวฉัน],Option 5 คุณคิดเห็นอย่างไรกับการออกแบบบรรจุภัณฑ์นี้  [รู้สึกอยากซื้อสินค้า],Option 5 คุณคิดเห็นอย่างไรกับการออกแบบบรรจุภัณฑ์นี้  [รูู้สึกโดดเด่นและแตกต่างจากแบรนด์อื่นๆ],Option 5 คุณคิดเห็นอย่างไรกับการออกแบบบรรจุภัณฑ์นี้  [รู้สึกว่าสินค้าพรีเมียม คุณภาพดี],Option 5 คุณคิดเห็นอย่างไรกับการออกแบบบรรจุภัณฑ์นี้  [รู้สึกถึงรสชาติที่ดีกลมกล่อม แมวจะชอบทาน],Option 5 คุณคิดเห็นอย่างไรกับการออกแบบบรรจุภัณฑ์นี้  [รู้สึกว่าเป็นดีไซน์ที่เหมาะกับตัวฉัน],Option 6 คุณคิดเห็นอย่างไรกับการออกแบบบรรจุภัณฑ์นี้  [รู้สึกอยากซื้อสินค้า],Option 6 คุณคิดเห็นอย่างไรกับการออกแบบบรรจุภัณฑ์นี้  [รูู้สึกโดดเด่นและแตกต่างจากแบรนด์อื่นๆ],Option 6 คุณคิดเห็นอย่างไรกับการออกแบบบรรจุภัณฑ์นี้  [รู้สึกว่าสินค้าพรีเมียม คุณภาพดี],Option 6 คุณคิดเห็นอย่างไรกับการออกแบบบรรจุภัณฑ์นี้  [รู้สึกถึงรสชาติที่ดีกลมกล่อม แมวจะชอบทาน],Option 6 คุณคิดเห็นอย่างไรกับการออกแบบบรรจุภัณฑ์นี้  [รู้สึกว่าเป็นดีไซน์ที่เหมาะกับตัวฉัน],Option 7 คุณคิดเห็นอย่างไรกับการออกแบบบรรจุภัณฑ์นี้  [รู้สึกอยากซื้อสินค้า],Option 7 คุณคิดเห็นอย่างไรกับการออกแบบบรรจุภัณฑ์นี้  [รูู้สึกโดดเด่นและแตกต่างจากแบรนด์อื่นๆ],Option 7 คุณคิดเห็นอย่างไรกับการออกแบบบรรจุภัณฑ์นี้  [รู้สึกว่าสินค้าพรีเมียม คุณภาพดี],Option 7 คุณคิดเห็นอย่างไรกับการออกแบบบรรจุภัณฑ์นี้  [รู้สึกถึงรสชาติที่ดีกลมกล่อม แมวจะชอบทาน],Option 7 คุณคิดเห็นอย่างไรกับการออกแบบบรรจุภัณฑ์นี้  [รู้สึกว่าเป็นดีไซน์ที่เหมาะกับตัวฉัน],Option 8 คุณคิดเห็นอย่างไรกับการออกแบบบรรจุภัณฑ์นี้ [รู้สึกอยากซื้อสินค้า],Option 8 คุณคิดเห็นอย่างไรกับการออกแบบบรรจุภัณฑ์นี้ [รูู้สึกโดดเด่นและแตกต่างจากแบรนด์อื่นๆ],Option 8 คุณคิดเห็นอย่างไรกับการออกแบบบรรจุภัณฑ์นี้ [รู้สึกว่าสินค้าพรีเมียม คุณภาพดี],Option 8 คุณคิดเห็นอย่างไรกับการออกแบบบรรจุภัณฑ์นี้ [รู้สึกถึงรสชาติที่ดีกลมกล่อม แมวจะชอบทาน],Option 8 คุณคิดเห็นอย่างไรกับการออกแบบบรรจุภัณฑ์นี้ [รู้สึกว่าเป็นดีไซน์ที่เหมาะกับตัวฉัน],Option 9 คุณคิดเห็นอย่างไรกับการออกแบบบรรจุภัณฑ์นี้ [รู้สึกอยากซื้อสินค้า],Option 9 คุณคิดเห็นอย่างไรกับการออกแบบบรรจุภัณฑ์นี้ [รูู้สึกโดดเด่นและแตกต่างจากแบรนด์อื่นๆ],Option 9 คุณคิดเห็นอย่างไรกับการออกแบบบรรจุภัณฑ์นี้ [รู้สึกว่าสินค้าพรีเมียม คุณภาพดี],Option 9 คุณคิดเห็นอย่างไรกับการออกแบบบรรจุภัณฑ์นี้ [รู้สึกถึงรสชาติที่ดีกลมกล่อม แมวจะชอบทาน],Option 9 คุณคิดเห็นอย่างไรกับการออกแบบบรรจุภัณฑ์นี้ [รู้สึกว่าเป็นดีไซน์ที่เหมาะกับตัวฉัน],Option 10 คุณคิดเห็นอย่างไรกับการออกแบบบรรจุภัณฑ์นี้ [รู้สึกอยากซื้อสินค้า],Option 10 คุณคิดเห็นอย่างไรกับการออกแบบบรรจุภัณฑ์นี้ [รูู้สึกโดดเด่นและแตกต่างจากแบรนด์อื่นๆ],Option 10 คุณคิดเห็นอย่างไรกับการออกแบบบรรจุภัณฑ์นี้ [รู้สึกว่าสินค้าพรีเมียม คุณภาพดี],Option 10 คุณคิดเห็นอย่างไรกับการออกแบบบรรจุภัณฑ์นี้ [รู้สึกถึงรสชาติที่ดีกลมกล่อม แมวจะชอบทาน],Option 10 คุณคิดเห็นอย่างไรกับการออกแบบบรรจุภัณฑ์นี้ [รู้สึกว่าเป็นดีไซน์ที่เหมาะกับตัวฉัน],จากตัวเลือกทั้งหมด คุณชอบการออกแบบบรรจุภัณฑ์อาหารแมวสำเร็จรูปแบบใดมากที่สุด 3 อันดับแรก,อายุของคุณ,เพศของคุณ,สถานภาพสมรส,Breed_Cleaned,Brand_Cleaned,Purchase_Target
6/26/2024 14:15:25,เคย,เพื่อน ลูก,จร,คิงส์แคทส์,4,3,4,3,3,มีผล,ได้ทั้งสองแบบ หากถูกใจ,3,3,4,4,4,3,4,4,King cat,,3,4,3,3,3,3,4,3,4,4,4,4,3,4,3,3,3,3,3,3,3,3,3,3,3,4,4,3,3,3,3,3,3,3,3,3,4,3,3,3,3,3,3,3,3,2,3,3,2,3,"Option 3, Option 6, Option 8",30-39ปี,ชาย,มีแฟนแต่ยังไม่แต่งงาน,พันธุ์ไทย/ผสม,Other,1
6/26/2024 14:17:59,เคย,ลูก,เปอร์เซีย,Katival แบบเม็ด และ pramy แบบเปียก,5,4,5,4,5,ไม่มีผล,ได้ทั้งสองแบบ หากถูกใจ,4,2,5,5,5,5,5,5,Pray,None ,3,5,2,2,2,3,5,2,2,2,4,5,3,3,3,4,5,2,2,3,2,5,2,2,2,3,5,2,2,3,3,4,2,2,2,3,5,2,2,2,2,5,2,2,2,3,3,3,3,3,"Option 3, Option 4, Option 10",20-29ปี,หญิง,แต่งงานแล้ว,เปอร์เซีย,Other,0
6/26/2024 14:18:00,เคย,ความน่ารักใจฟู,ผสม British Shorthair + Scottish fold,King cat,2,2,4,2,4,มีผล,ได้ทั้งสองแบบ หากถูกใจ,4,2,4,2,4,4,5,5,King cat เรียบหรู เข้าใจง่าย,อยากได้แบบกล่องจะได้เก็บได้ดีขึ้นนะ,5,5,3,3,5,5,5,5,5,5,3,3,3,3,3,3,3,3,3,3,3,3,3,3,3,5,5,5,5,5,5,5,5,5,5,5,5,5,5,5,5,5,5,5,5,5,5,5,5,5,"Option 2, Option 9, Option 10",20-29ปี,หญิง,โสด ไม่มีแฟน,บริติช ช็อตแฮร์,Other,1
6/26/2024 14:30:57,เคย,สมาชิกในครอบครัว,พันธุ์ผสม (แมวจร),Projen,5,4,3,5,5,มีผล,ได้ทั้งสองแบบ หากถูกใจ,3,2,5,5,5,4,5,5,Projen เพราะเห็นเลขอัตราส่วนผสมจากธรรมชาติชัดเจอ (ระบุเป็น %),ที่มาของวัตถุดิบ ความยั่งยืนของแหล่งที่มาของวัตถุดิบ,3,3,1,1,1,3,2,1,1,1,3,3,3,4,1,3,3,1,4,1,3,3,3,4,1,3,3,3,3,2,3,4,3,4,1,4,4,3,4,2,3,3,3,3,3,3,3,3,3,3,"Option 7, Option 8, Option 10",20-29ปี,ชาย,มีแฟนแต่ยังไม่แต่งงาน,พันธุ์ไทย/ผสม,Other,0
6/26/2024 14:31:39,เคย,เป็นเหมือนลูก,British Shorthair และ Munchkin,"Cheershare, Projen",5,2,5,2,5,ไม่มีผล,ได้ทั้งสองแบบ หากถูกใจ,3,5,5,5,1,3,5,5,You-O เพราะสีโดดเด่น ติดภาพจำ เห็นบ่อย,สัญลักษณ์ ที่บอก Benefit ให้เข้าใจง่าย ชัดๆ,1,1,1,1,1,1,1,1,1,1,4,4,5,3,4,3,5,3,3,3,1,1,1,1,1,2,2,2,2,2,1,1,1,1,1,1,1,1,1,1,1,1,1,1,1,1,1,1,1,1,"Option 3, Option 4, Option 6",20-29ปี,ชาย,มีแฟนแต่ยังไม่แต่งงาน,บริติช ช็อตแฮร์,Other,0
6/26/2024 14:34:09,เคย,ลูก,"British shorthair , ragdoll",King cat,4,2,5,2,5,มีผล,ได้ทั้งสองแบบ หากถูกใจ,5,2,3,4,2,3,4,4,King cat,,3,4,2,3,4,2,4,2,3,3,5,5,5,5,5,3,3,3,3,3,3,3,3,3,3,2,2,2,2,2,4,4,4,4,4,3,3,3,3,3,3,3,3,3,3,3,3,3,3,3,"Option 3, Option 6, Option 7",20-29ปี,หญิง,แต่งงานแล้ว,บริติช ช็อตแฮร์,Other,0
6/26/2024 14:34:33,เคย,เป็นแมว น่ารัก อมหัว,แมวไทย,แบบชั่งกิโล,3,2,4,1,4,มีผล,ได้ทั้งสองแบบ หากถูกใจ,3,5,5,5,2,4,5,4,วิสกัส สีม่วงเด่น ทำการตลาดดี / MEO สีเหลือง หาซื้อในเซเว่นได้,สูตร ข้อดี ส่วนผสม เห็นชัด อ่านง่าย จบๆ ถ้ามีหลายสูตรก็อยากให้มีตารางเทียบว่าต่างกันยังไงไปเลย ยืนหน้าร้านนานๆ เหนื่อย,1,5,1,1,1,1,5,1,1,1,2,4,1,1,2,3,4,2,3,3,1,5,1,1,1,1,4,1,1,1,1,1,1,1,1,3,3,2,1,3,1,1,1,1,1,1,1,1,1,1,"Option 3, Option 4, Option 8",20-29ปี,หญิง,โสด ไม่มีแฟน,พันธุ์ไทย/ผสม,Other,0
6/26/2024 16:18:59,เคย,Family member,"Thai, Persian, American Short Hair, Exotic Short Hair","King cat, Wills, S-mellow",5,1,3,1,3,ไม่มีผล,ได้ทั้งสองแบบ หากถูกใจ,1,1,5,1,5,5,5,5,เหมือนๆกัน ไม่มีแบรนด์ไหนเด่น,ไม่มี,1,1,1,1,1,1,5,1,1,1,1,5,1,1,1,1,5,1,1,1,1,5,1,1,1,1,5,1,1,1,1,3,1,1,1,1,3,1,1,1,1,3,1,1,1,1,5,1,1,1,"Option 2, Option 3, Option 6",30-39ปี,หญิง,มีแฟนแต่ยังไม่แต่งงาน,เปอร์เซีย,Other,0
6/26/2024 16:19:19,เคย,เจ้านาย,แมวไทย,You-o,3,3,4,3,4,มีผล,ได้ทั้งสองแบบ หากถูกใจ,4,4,4,4,3,4,4,3,You-o ชื่อแบรนชัด คำอธิบายประเพทแมวชัดเจน,Zip lock หรือ ช่องปิดบรรจุภัณ,3,3,3,2,3,4,4,4,3,3,4,4,4,3,4,3,3,3,3,3,3,3,3,3,3,4,4,4,3,3,4,4,4,3,3,4,4,3,3,3,2,3,3,3,3,3,3,3,3,3,"Option 2, Option 3, Option 6",30-39ปี,ชาย,มีแฟนแต่ยังไม่แต่งงาน,พันธุ์ไทย/ผสม,Other,1
6/26/2024 16:27:18,เคย,เปรียบเสมือนคนในครอบครัวของเรา  เป็นเพื่อนเล่น เป็นความสุขของคนในบ้าน,แมวไทย,You-O,3,4,5,4,5,ไม่มีผล,ได้ทั้งสองแบบ หากถูกใจ,4,5,5,3,3,3,5,4,You-O,ของแถม,3,3,4,3,3,4,5,4,3,4,4,5,4,3,5,3,5,3,3,3,4,5,4,3,4,3,5,3,3,2,4,5,5,3,4,3,5,3,3,2,4,5,3,3,3,2,5,2,3,1,"Option 2, Option 3, Option 7",20-29ปี,ชาย,โสด ไม่มีแฟน,พันธุ์ไทย/ผสม,Other,0
6/26/2024 16:51:53,เคย,เป็นสมาชิกในครอบครัว,เปอร์เซีย,Purino,5,4,5,4,5,มีผล,ได้ทั้งสองแบบ หากถูกใจ,5,3,5,5,5,5,5,4,King cat ด้วยชื่อแบรนด์ที่ได้ยินบ่อยและคุณภาพ เป็นแบรนด์แรกที่นึกถึงและให้แมวกินตั้งแต่เริ่มเลี้ยงแมว ตอน kitten,วิตามินเสริม ในปริมาณที่เหมาะสมกับการเทให้สัตว์เลี่ยงแต่ละมื้อ,4,4,3,3,3,3,2,3,2,2,4,3,3,4,3,2,3,2,2,2,3,2,2,2,2,3,3,3,2,2,3,3,3,2,2,2,2,2,2,2,2,2,2,2,2,2,2,2,2,2,"Option 1, Option 3, Option 6",20-29ปี,หญิง,โสด ไม่มีแฟน,เปอร์เซีย,Other,0
6/26/2024 17:07:22,เคย,สมาชิกครอบครัว,Shorthair,King cat,3,3,4,3,3,มีผล,ได้ทั้งสองแบบ หากถูกใจ,3,3,3,3,4,4,5,2,Wiskus,Ziplock,2,4,4,3,2,4,5,4,3,2,2,4,2,2,2,2,3,3,3,2,2,2,3,3,2,4,4,3,3,3,4,3,4,3,3,4,4,4,3,2,4,4,3,2,2,4,4,3,2,2,"Option 1, Option 7, Option 9",50ปี ขึ้นไป,ชาย,แต่งงานแล้ว,อื่นๆ,Other,1
6/26/2024 17:20:27,เคย,สมาชิกในครอบครัว,เมนคูน / อเมริกันช็อตแฮร์ ,โอลิเวอร์ / ฮีโร่แคท,4,2,5,1,2,มีผล,ได้ทั้งสองแบบ หากถูกใจ,1,5,5,5,4,3,5,3,อโวเดิร์ม,ผัก,3,5,2,4,1,3,5,3,2,2,4,5,3,3,1,4,5,3,3,4,4,5,3,3,5,5,5,4,3,5,5,5,3,3,5,4,5,3,3,4,4,3,3,2,5,5,3,3,4,5,"Option 6, Option 7, Option 8",40-49ปี,หญิง,แต่งงานแล้ว,อื่นๆ,Other,1
6/26/2024 17:35:25,เคย,เป็นลูก,สก็อตติช,แคทิวา,5,5,4,5,5,มีผล,ได้ทั้งสองแบบ หากถูกใจ,5,5,5,5,5,5,5,5,ยูโอ,เติมสารอาหาร,4,4,5,4,4,5,5,5,5,5,5,5,5,5,5,5,5,5,5,5,3,5,3,4,2,5,5,5,5,5,5,5,5,5,5,5,5,5,5,5,5,5,5,5,5,2,2,2,2,2,"Option 2, Option 7, Option 9",20-29ปี,หญิง,โสด ไม่มีแฟน,อื่นๆ,Other,1
6/26/2024 17:42:01,เคย,เหมือนลูก,ขาวมณี โกนจา สก็อต+บริติช เมนคูน,แม็กซิม่า,5,3,5,4,4,มีผล,ได้ทั้งสองแบบ หากถูกใจ,4,3,4,3,5,5,5,4,แคทิวา,วิตามินอื่นๆที่ดีต่อแมว,3,3,2,1,1,3,3,3,3,3,4,3,4,5,5,4,4,3,3,3,3,3,3,3,3,4,4,5,4,5,5,5,5,4,4,3,3,3,4,3,3,3,3,3,3,4,4,5,5,4,"Option 3, Option 6, Option 10",30-39ปี,หญิง,มีแฟนแต่ยังไม่แต่งงาน,บริติช ช็อตแฮร์,Other,1
6/26/2024 18:23:30,เคย,เป็นเหมือนสิ่งที่ฮิลใจตัวเอง,scottish fold,Purino Neo,5,4,5,3,5,มีผล,ภาพแมวจริง หรือแมวสมจริง (AI),5,5,3,5,3,5,5,4,Purino Neo เพราะมีภาพแมวชัดเจน มีข้อความบอกส่วนผสม และบอกช่วงอายุน้องแมวที่ทานได้,-,4,5,4,4,4,5,5,4,4,4,4,4,4,4,4,3,5,4,4,3,4,4,4,3,3,3,3,3,3,3,4,4,4,4,4,4,3,3,3,3,4,3,3,3,3,3,4,3,3,4,"Option 1, Option 2, Option 5",30-39ปี,ชาย,โสด ไม่มีแฟน,สก๊อตติช โฟลด์,Other,0
6/26/2024 18:27:38,เคย,เป็นลูก,อเมริกันช็อตแฮร์,แคทิวา,5,5,5,5,4,มีผล,ภาพแมวจริง หรือแมวสมจริง (AI),5,5,5,5,5,5,5,5,แคทิวา เพราะเลี้ยงในบ้าน,,3,3,3,3,3,5,5,5,5,5,5,5,5,5,5,4,4,4,4,4,3,3,3,3,3,3,3,3,3,3,3,3,3,3,3,2,2,2,2,2,3,3,3,3,3,2,2,2,2,2,"Option 1, Option 2, Option 3",30-39ปี,หญิง,มีแฟนแต่ยังไม่แต่งงาน,อื่นๆ,Other,0
6/26/2024 18:29:25,เคย,เหมือนทุกอย่าง,ไทย,Allwell,4,2,5,3,4,มีผล,ได้ทั้งสองแบบ หากถูกใจ,4,3,3,3,3,3,4,3,Buzz แปลก สวยดี,เพิ่มปริมาณ,4,4,3,4,3,3,4,3,3,3,5,5,5,4,5,5,5,4,4,4,4,4,3,4,3,4,5,4,3,3,4,4,4,4,4,4,5,5,4,4,3,4,3,3,3,3,4,4,3,3,"Option 2, Option 6, Option 7",50ปี ขึ้นไป,ชาย,แต่งงานแล้ว,พันธุ์ไทย/ผสม,Other,1
6/26/2024 18:32:59,เคย,เป็นเจ้านายค่ะ,ปอร์เซียผสมไทย,King Cat,3,3,5,3,4,ไม่มีผล,ภาพแมวจริง หรือแมวสมจริง (AI),3,3,3,3,3,3,3,4,King Cat เพราะเป็นแบรนด์พรีเมี่ยม ,,4,4,3,2,2,4,4,3,3,2,4,3,3,3,3,3,3,3,3,3,2,2,2,2,2,2,2,2,2,2,4,4,4,4,4,4,4,3,4,4,2,2,2,2,2,3,4,3,3,2,"Option 2, Option 3, Option 7",30-39ปี,หญิง,โสด ไม่มีแฟน,พันธุ์ไทย/ผสม,Other,0
6/26/2024 18:34:02,เคย,ลูก และคนในครอบครัว,Exotic short hair,King cot,5,3,5,4,5,มีผล,ได้ทั้งสองแบบ หากถูกใจ,4,4,3,4,3,4,5,5,จำไม่ได้,ไม่ทราบ,3,5,4,3,4,3,4,4,3,3,5,5,5,3,4,5,5,5,5,4,3,4,3,4,3,5,5,4,5,4,5,5,4,5,5,4,5,4,4,4,3,4,4,4,3,4,5,4,5,4,"Option 6, Option 7, Option 10",30-39ปี,ชาย,แต่งงานแล้ว,อื่นๆ,Other,1
6/26/2024 18:36:41,เคย,เลี้ยงเป็นลูกเลยค่าา รักมาก ทะนุถนอมสุดๆ,British shorthair  NY25,Kingcat และ Solid gold,4,3,5,3,4,มีผล,ได้ทั้งสองแบบ หากถูกใจ,4,3,4,5,3,2,4,4,Kingcat เพราะเปณ Theme เดียวกันทั้งหมด จำแบรนด์ได้ง่าย และ ระบุชัดเจนว่าเป็นสูตรไหน,ไม่เติมจ้า,3,4,2,3,2,4,4,3,3,3,4,4,3,4,3,3,4,3,3,3,3,4,4,3,3,3,4,3,3,3,3,4,3,3,3,4,4,4,3,4,3,3,3,3,3,4,4,4,4,4,"Option 3, Option 8, Option 10",30-39ปี,หญิง,แต่งงานแล้ว,บริติช ช็อตแฮร์,Other,0
6/26/2024 18:40:21,เคย,เพื่อนที่ดีที่สุด,ไทย,Purino neo,4,4,5,4,4,มีผล,ภาพแมวจริง หรือแมวสมจริง (AI),4,4,4,4,4,4,4,4,Purino neo,ของเล่นแมว,4,4,4,4,4,5,5,5,5,5,4,4,4,4,4,5,5,5,5,5,4,4,4,4,4,5,5,5,5,5,4,4,4,4,4,4,4,4,4,4,5,5,5,5,5,4,4,4,4,4,"Option 1, Option 2, Option 3",30-39ปี,หญิง,หย่าร้าง/เป็นม่าย,พันธุ์ไทย/ผสม,Other,1
6/26/2024 18:42:06,เคย,ลูกรักหักเหลี่ยมโหด,ศุภลักษณ์ และแมวสีสลิดไทย,Friskies และอาหารเปียก,5,4,4,4,4,มีผล,ภาพแมวจริง หรือแมวสมจริง (AI),4,4,5,5,5,5,5,4,Friskies ,การแก้ปัญหาสุขภาพต่างๆ,4,5,4,4,3,3,3,2,3,3,5,5,5,5,5,4,3,3,3,3,3,3,3,3,3,4,4,5,4,4,3,3,3,3,3,3,3,3,3,3,3,3,3,3,3,4,4,5,4,4,"Option 1, Option 3, Option 6",30-39ปี,หญิง,แต่งงานแล้ว,พันธุ์ไทย/ผสม,Other,1
6/26/2024 18:43:58,เคย,เป็นคนในครอบครัว,เปอร์เซีย,Purino neo / Cativa,4,5,5,3,5,ไม่มีผล,ภาพแมวจริง หรือแมวสมจริง (AI),4,3,5,5,3,5,5,4,purino neo ,ตัวหนีบสำหรับหนีบปากถุงอาหารหลังจากแกะแล้ว,3,5,3,2,3,5,5,5,4,5,5,5,5,5,3,2,2,2,2,2,2,2,2,2,2,3,4,3,4,3,3,3,3,3,3,3,3,3,3,3,1,1,1,1,1,1,1,1,1,1,"Option 2, Option 3, Option 6",30-39ปี,ชาย,แต่งงานแล้ว,เปอร์เซีย,Other,0
6/26/2024 18:49:21,เคย,เหมือนลูกหลาน,ไทยบ้าน,ยูโอ,4,2,5,2,3,มีผล,ได้ทั้งสองแบบ หากถูกใจ,4,4,4,4,5,3,4,4,felipro ถุงสีแดง แมวหน้าตาน่ารัก,หน้าแมว ที่เหมาะกับอาหาร ,3,4,3,3,3,4,4,3,4,4,4,4,3,3,4,3,3,3,3,3,3,3,3,3,3,3,3,3,3,3,3,4,4,3,3,3,4,3,3,3,4,4,4,4,4,3,3,3,3,3,"Option 2, Option 3, Option 9",40-49ปี,หญิง,มีแฟนแต่ยังไม่แต่งงาน,พันธุ์ไทย/ผสม,Other,0
6/26/2024 18:50:54,เคย,ลูก,สกอตติช,Purino neo,4,3,4,3,4,มีผล,ภาพแมวจริง หรือแมวสมจริง (AI),4,3,5,4,4,4,4,3,ไม่ได้มองบรรจุภัณเป็นปัจจัยหลัก ดูที่ประโยชน์และสารอาหาร,ไม่มี,3,3,2,3,2,3,4,3,3,3,3,4,4,3,3,3,4,3,3,3,3,4,4,3,3,3,4,4,4,3,3,3,2,3,3,4,4,3,4,3,2,3,2,3,3,2,3,2,3,3,"Option 3, Option 5, Option 8",20-29ปี,ชาย,มีแฟนแต่ยังไม่แต่งงาน,อื่นๆ,Other,0
6/26/2024 18:51:23,เคย,ลูก,เปอร์เซีย,King cat,4,2,4,2,4,มีผล,ภาพแมวจริง หรือแมวสมจริง (AI),5,4,4,5,3,3,3,4,Kativa,,4,5,3,3,4,4,5,3,4,3,4,4,3,3,3,3,4,3,3,3,3,4,3,3,3,4,4,3,3,3,4,4,4,4,4,4,4,3,3,3,4,5,4,4,4,3,3,3,3,3,"Option 1, Option 2, Option 9",30-39ปี,ชาย,แต่งงานแล้ว,เปอร์เซีย,Other,1
6/26/2024 18:55:46,เคย,ครอบครัว,Short hair,King cat,4,2,5,2,5,มีผล,ได้ทั้งสองแบบ หากถูกใจ,5,3,4,3,4,3,3,3,King cat เพราะดู premium สีสันไม่ฉูดฉาด น่าเชื่อถือ,ป้องกันความชื้น เก็บรักษาคุณภาพได้ดี,3,3,3,2,2,3,3,2,2,2,3,4,3,3,3,3,4,3,3,3,2,4,3,2,2,2,2,2,2,2,4,4,4,3,4,3,4,3,3,3,2,2,2,2,2,2,5,3,3,3,"Option 3, Option 7, Option 10",30-39ปี,หญิง,แต่งงานแล้ว,อื่นๆ,Other,0
6/26/2024 18:59:12,เคย,เป็นเหมือนลูก,"สก้อตติช,มัชกิ้น","คิงแคท, แคทิว่า",3,3,4,2,5,มีผล,ได้ทั้งสองแบบ หากถูกใจ,5,5,4,3,2,2,4,4,Buzz อาหารแมว น่ารักดีค่ะ เปนลายเส้นวาด,ไม่รู้อะ,4,4,4,3,3,5,5,3,5,5,5,5,5,5,5,5,5,5,5,5,5,5,5,5,5,3,3,3,4,3,4,4,5,3,5,4,4,4,4,4,5,3,3,3,4,2,3,3,3,3,"Option 3, Option 4, Option 5",20-29ปี,หญิง,โสด ไม่มีแฟน,อื่นๆ,Other,0
6/26/2024 19:00:48,เคย,น้องชายสุดที่รัก,"อเมริกันช็อตเเฮร์, ศุภโชค, เบงกอก, โคราช",แคทิว่า,5,5,5,5,5,มีผล,ได้ทั้งสองแบบ หากถูกใจ,5,5,5,5,5,5,5,5,แคทิว่า ลักษณะภาพ สีเเบรนด์,ไม่มี,4,4,4,4,4,3,3,3,3,3,5,5,5,5,5,4,4,4,4,4,4,4,4,4,4,3,3,3,3,3,3,3,3,3,3,4,4,4,4,4,3,3,3,3,3,3,3,3,3,3,"Option 1, Option 3, Option 4",30-39ปี,หญิง,มีแฟนแต่ยังไม่แต่งงาน,อื่นๆ,Other,0
6/26/2024 19:03:00,เคย,ลูกสาว,สก็อตติส โฟลด์,Teste of the wild,5,5,5,5,4,ไม่มีผล,ได้ทั้งสองแบบ หากถูกใจ,2,2,5,5,2,3,5,5,แคทิวา มีรูปแมวหลากหลายพันธุ์ ตัวอ้วนดูสมบูรณ์ สีสันบนห่อสดใส ชัดเจน ภาพพื้นหลังดูสื่อถึงแหล่งวัตถุดิบที่พรีเมียม,เพิ่มภาพชิ้นเนื้อ วัตถุดิบ ใหญ่ๆ ชัดๆ ให้สื่อถึงคุณภาพของวัตถุดิบ,3,5,2,2,2,3,3,2,2,2,5,5,3,3,5,5,5,3,3,4,2,3,2,2,2,3,5,4,3,3,2,3,3,3,3,4,5,3,4,4,3,3,3,4,2,2,2,2,2,2,"Option 3, Option 4, Option 8",20-29ปี,ชาย,มีแฟนแต่ยังไม่แต่งงาน,อื่นๆ,Other,0
6/26/2024 19:06:42,เคย,Best friend ,Scottish ,King catt,5,4,4,4,4,ไม่มีผล,ได้ทั้งสองแบบ หากถูกใจ,5,5,5,5,5,4,4,5,Whiskas,-,4,4,3,2,2,3,5,3,2,3,4,5,5,4,4,2,5,2,2,2,2,5,2,2,2,5,5,5,5,5,3,5,3,3,3,4,5,4,4,4,3,3,3,3,3,2,2,2,2,2,"Option 5, Option 6, Option 7",30-39ปี,ชาย,มีแฟนแต่ยังไม่แต่งงาน,สก๊อตติช โฟลด์,Other,1
6/26/2024 19:10:45,เคย,เป็นเพื่อนเล่นเวลาเหงา,แมวจร,แบบแบ่งขาย,3,4,2,2,3,มีผล,ภาพแมวจริง หรือแมวสมจริง (AI),3,3,3,3,3,3,2,3,วิสกัส,,2,3,2,2,3,3,3,3,3,3,4,4,3,3,4,3,3,2,4,4,4,4,3,2,3,2,3,3,4,3,3,3,4,4,2,2,4,4,4,3,2,2,3,4,4,4,4,3,3,4,"Option 2, Option 3, Option 6",20-29ปี,ชาย,โสด ไม่มีแฟน,พันธุ์ไทย/ผสม,Other,0
6/26/2024 19:29:21,เคย,เป็นเพื่อน เป็นเซฟโซนที่เล่าอะไรให้ฟังก็ได้,แมวไทยค่ะ (แมวจร),"Purino, Betagro, Perfecta",5,3,4,1,4,มีผล,ได้ทั้งสองแบบ หากถูกใจ,5,4,5,3,5,3,5,4,"Canagan, Neez+, Lifemate เพราะดีไซน์ดูแตกต่างจากผลิตภัณฑ์แบรนด์อื่นๆ ตามท้องตลาด มีความ minimal และดู premium",ถุงที่ง่ายต่อการเทและการเก็บรักษา ก็มีส่วนสำคัญในการตัดสินใจซื้อค่ะ,3,3,2,2,2,3,3,3,2,2,4,4,3,3,4,3,4,2,3,2,3,4,4,4,2,4,4,3,4,4,3,4,4,4,2,3,4,3,3,2,3,3,2,3,2,5,5,3,4,4,"Option 3, Option 6, Option 10",20-29ปี,หญิง,โสด ไม่มีแฟน,พันธุ์ไทย/ผสม,Other,1
6/26/2024 19:30:22,เคย,สิ่งที่ช่วยฮีลใจและให้ความสุข,แมวจรจัด คิดว่าพันธ์ผสม,แคทิวา คิงแคท,3,3,4,2,3,ไม่มีผล,ได้ทั้งสองแบบ หากถูกใจ,3,3,3,3,3,3,3,3,วิสกัส,ไม่มี,3,4,3,4,4,4,5,4,4,4,3,4,4,4,3,2,4,2,2,2,2,4,2,2,2,2,4,3,2,2,2,3,4,3,2,3,3,3,3,2,3,3,3,3,2,2,2,2,2,2,"Option 1, Option 2, Option 3",20-29ปี,หญิง,มีแฟนแต่ยังไม่แต่งงาน,พันธุ์ไทย/ผสม,Other,0
6/26/2024 19:32:07,เคย,เหมือนเป็นเพื่อนเป็นลูกคนหนึ่งเลย คอยอยู่กับเราตลอดเวลาเศร้าเวลาเหงา เวลาดีใจ เป็นที่คอยรับฟังเราระบายเรื่องต่างๆได้ดีมากๆ ,เปอร์เซีย,Buzz,4,4,4,3,5,มีผล,ได้ทั้งสองแบบ หากถูกใจ,5,4,4,4,3,2,5,4,Buzz เพราะเป็นลายการ์ตูนน่ารักมาก,เพิ่มหน้าแมวตัวเอง,3,4,2,3,2,3,4,3,3,3,4,4,3,3,4,4,4,3,3,3,3,3,3,3,3,3,2,4,4,3,5,5,4,4,5,5,5,4,4,4,3,3,3,3,3,2,2,2,2,2,"Option 6, Option 7, Option 8",20-29ปี,หญิง,โสด ไม่มีแฟน,เปอร์เซีย,Other,0
6/26/2024 19:32:41,เคย,สมาชิกในครอบครัว,เปอร์เซีย,คิงแคท,4,4,4,3,4,มีผล,ได้ทั้งสองแบบ หากถูกใจ,4,4,4,4,4,3,5,5,คิงแคท เนื่องจากมีความเป็นยูนีค มีแพทเทิร์นที่ต่อให้เป็นสีหรือคนละสูตรก็รู้ว่านี่คือของยี่ห้อนี้,,2,2,2,2,2,2,2,2,2,2,4,4,3,3,4,3,3,3,3,3,3,3,3,3,3,5,5,3,3,4,4,4,3,3,4,4,5,3,3,4,2,2,2,2,2,2,4,2,2,2,"Option 6, Option 7, Option 8",30-39ปี,หญิง,โสด ไม่มีแฟน,เปอร์เซีย,Other,1
6/26/2024 19:33:19,เคย,เลี้ยงเกมืลูกเลย รักที่สุด,แมวส้มสลิดกับวิเชียรฮิมาลายัน,King Cat,4,4,4,4,5,มีผล,ได้ทั้งสองแบบ หากถูกใจ,4,3,4,4,3,4,5,5,King Cat,,2,2,2,2,2,3,3,3,3,3,5,5,5,4,5,5,5,4,4,5,3,3,3,3,3,2,2,2,2,2,2,2,2,2,2,2,2,2,2,2,2,2,2,2,2,2,2,2,2,2,"Option 3, Option 4, Option 5",30-39ปี,หญิง,มีแฟนแต่ยังไม่แต่งงาน,พันธุ์ไทย/ผสม,Other,0
6/26/2024 19:37:21,เคย,เป็นลูก เป็นที่คลายเครียด เวลาเหนื่อยๆ มากอดแมวแล้วหายเหนื่อย ฟูลฟีล,Scottish Fold,Kativa,4,5,3,5,5,มีผล,ได้ทั้งสองแบบ หากถูกใจ,5,5,5,5,3,5,5,5,Taste of the Wild,"เรื่องกระดูก ข้อต่อ , ช่วยลดความเครียด ",3,5,2,1,1,4,5,5,3,2,5,5,4,3,5,4,5,3,5,4,5,5,5,5,5,5,5,3,4,4,3,5,5,5,4,3,5,2,2,3,1,2,2,3,1,1,1,1,1,1,"Option 3, Option 5, Option 6",20-29ปี,ชาย,มีแฟนแต่ยังไม่แต่งงาน,สก๊อตติช โฟลด์,Other,1
6/26/2024 19:42:27,เคย,เป็นเหมือนลูกของเรา,พันธุ์ไทย,ฮีโร่แคท,4,3,5,2,3,มีผล,ภาพแมวจริง หรือแมวสมจริง (AI),4,4,5,4,4,4,4,3,ยูโอ ภาพแมวดูสมจริง ดูเรียบง่าย สบายตา,วิธีการดูแลสุขภาพ ของแมว และ บางอาการป่วยที่เจ้าของควรสังเกตุ,3,3,3,3,2,2,2,2,2,2,4,4,4,4,4,3,3,3,3,3,2,2,2,2,2,2,2,2,2,2,2,2,2,2,2,2,2,2,2,2,2,2,2,2,2,2,2,2,2,2,"Option 1, Option 3, Option 8",50ปี ขึ้นไป,หญิง,โสด ไม่มีแฟน,พันธุ์ไทย/ผสม,Other,0
6/26/2024 19:44:22,เคย,เพื่อน,พันธ์ุทาง,Whiskas,4,2,5,2,3,ไม่มีผล,ได้ทั้งสองแบบ หากถูกใจ,2,4,4,4,2,2,5,4,อาหารเปียก Vif เป็นรูปแมวการ์ตูน ไม่เหมือนใคร,แมวชอบอันดับ1,3,4,2,3,3,4,4,3,2,3,5,3,3,4,4,2,2,3,2,2,2,3,3,2,2,4,4,3,3,3,3,4,3,3,3,3,4,3,3,3,3,3,3,3,3,3,3,3,3,3,"Option 3, Option 6, Option 7",30-39ปี,หญิง,แต่งงานแล้ว,อื่นๆ,Whiskas,1
6/26/2024 19:44:42,เคย,ลูกของเรา,สก็อตติช บริทิช,King cat,3,3,4,2,5,มีผล,ภาพแมวจริง หรือแมวสมจริง (AI),4,4,4,3,3,4,3,4,King cat,ปริมาณพลังงานที่ได้รับ,1,1,1,1,1,1,1,1,1,1,3,4,3,3,3,1,1,1,1,1,1,4,2,2,2,1,1,1,1,1,2,4,1,1,1,1,1,1,1,1,1,1,1,1,1,1,1,1,1,1,"Option 3, Option 5, Option 7",30-39ปี,หญิง,มีแฟนแต่ยังไม่แต่งงาน,อื่นๆ,Other,0
6/26/2024 19:45:20,เคย,คนในครอบครัว,พันธ์ุไทย,Kingkat,4,3,5,3,4,ไม่มีผล,ได้ทั้งสองแบบ หากถูกใจ,3,4,4,4,3,3,5,3,วิสกัส,ความเรียลหรือแคกต่าง,4,4,4,4,4,4,4,4,4,4,4,4,4,4,4,4,4,4,4,4,3,3,3,3,3,3,3,3,3,3,3,3,3,3,3,3,3,3,3,3,5,5,5,5,5,3,3,3,3,3,"Option 1, Option 2, Option 4",40-49ปี,หญิง,แต่งงานแล้ว,พันธุ์ไทย/ผสม,Other,0
6/26/2024 19:47:41,เคย,น้องสาว,ไทย,YouO,4,2,2,2,4,มีผล,ได้ทั้งสองแบบ หากถูกใจ,4,3,5,4,1,3,5,1,Regalos เพราะเป็นแมวการ์ตูนตาโต ไม่มีแบรนด์อื่นทำแบบนี้,ถุงอาหารที่สามารถเป็นที่ลับเล็บได้,4,4,2,5,5,3,3,1,1,1,3,4,3,4,5,4,5,3,4,5,2,4,2,2,1,4,5,2,3,4,5,5,3,4,5,5,5,3,3,5,2,4,2,2,1,4,5,4,3,5,"Option 3, Option 7, Option 10",40-49ปี,ชาย,โสด ไม่มีแฟน,พันธุ์ไทย/ผสม,Other,1
6/26/2024 19:56:04,เคย,ลูก,"บริติช ชอทแฮร์ , สก๊อตติช ",Will’s,5,5,5,5,5,มีผล,ภาพแมวจริง หรือแมวสมจริง (AI),5,5,5,5,5,5,5,5,Will’s,"ยอดขายอันดับ1, สัตวแพทย์แนะนำ, ไม่ทำร้ายไต , ดีต่อสุขภาพ",2,5,1,1,1,1,1,1,1,1,5,5,1,5,5,1,5,1,2,1,1,1,1,1,1,4,5,5,2,4,1,1,4,2,2,1,1,1,1,1,1,5,2,2,2,1,1,1,1,1,"Option 2, Option 5, Option 6",40-49ปี,ชาย,แต่งงานแล้ว,บริติช ช็อตแฮร์,Other,1
6/26/2024 20:01:02,เคย,ลูกที่เลิฟฟฟ,พันํ์ไทย,Mekko ,4,5,5,5,5,ไม่มีผล,ได้ทั้งสองแบบ หากถูกใจ,3,3,4,5,3,5,5,5,Mekko เพราะแมวหม่ำเกลี้ยงไม่เหลือ,Probiotic,4,5,4,5,5,5,5,5,5,5,3,3,3,3,3,3,3,4,4,3,4,4,5,5,3,3,3,3,3,3,4,5,5,5,5,3,3,3,3,3,5,5,5,5,5,4,5,5,5,4,"Option 1, Option 2, Option 9",40-49ปี,หญิง,แต่งงานแล้ว,พันธุ์ไทย/ผสม,Other,0
6/26/2024 20:08:11,เคย,เป็นเพื่อนเป็นลูก,แมวจร สีขาวดำ,You-o,3,2,5,2,5,มีผล,ได้ทั้งสองแบบ หากถูกใจ,3,5,4,3,2,3,3,3,cat n joy,รูปแบบสะดวกแมวทาน,3,5,3,3,3,3,5,3,4,3,4,4,5,4,4,3,3,3,3,3,3,3,3,3,3,4,5,4,4,4,3,5,3,3,3,3,3,3,3,3,2,2,2,2,2,2,2,2,2,2,"Option 2, Option 3, Option 6",30-39ปี,ชาย,มีแฟนแต่ยังไม่แต่งงาน,พันธุ์ไทย/ผสม,Other,1
6/26/2024 20:19:06,เคย,เป็นสมาชิกของครอบครัว,แมวบ้าน,Mouchou และ Oliver,5,4,5,4,4,มีผล,ได้ทั้งสองแบบ หากถูกใจ,4,4,5,5,5,4,4,4,King cat เนื่องจากดูง่าย สะอาด ไม่มีสีสันฉูดฉาด ไว้วัสดุที่ดีในการผลิต,ลักษณะของอาหารแมวเม็ดจริง ทำให้มองเห็นได้เด่นชัด,3,3,3,3,3,4,4,4,4,4,3,4,3,3,4,3,3,3,3,3,4,4,3,3,3,5,4,5,4,5,3,3,3,3,4,3,3,3,3,3,3,3,4,4,4,2,3,2,3,2,"Option 2, Option 3, Option 6",30-39ปี,หญิง,มีแฟนแต่ยังไม่แต่งงาน,พันธุ์ไทย/ผสม,Other,1
6/26/2024 20:25:56,เคย,น้องชายคนเล็กที่รักที่สุด,แมวลายสลิด,You-O,3,2,5,3,4,ไม่มีผล,ภาพแมวจริง หรือแมวสมจริง (AI),3,4,4,2,3,2,4,4,You-O เพราะสโลแกนมีแมวยูโอ,ลักษณะเม็ด ปริมาณโซเดียม ,2,2,2,2,2,3,3,2,3,2,5,4,5,5,5,4,4,5,5,4,3,3,5,3,3,4,3,3,4,3,5,4,3,5,3,5,5,5,5,5,3,3,3,3,3,4,3,4,4,4,"Option 3, Option 4, Option 8",20-29ปี,หญิง,โสด ไม่มีแฟน,พันธุ์ไทย/ผสม,Other,1
6/26/2024 20:27:44,เคย,เพื่อน,ไทยเปอร์เซีย,Petheria,4,3,4,3,4,มีผล,ภาพแมวจริง หรือแมวสมจริง (AI),4,4,4,4,3,4,4,4,Purino neo,Qr เพื่อแสกนอ่านส่วนผสมของอาหารเนื่องจากบนบรรจุภัณฑ์อาจจะตัวเล็ดอ่านลำบาก และข้อมูลของผลิตภัณฑ์ต่างๆ,3,4,3,3,3,3,3,3,3,3,4,4,4,4,4,3,3,3,3,3,4,4,4,4,4,3,3,3,3,3,3,3,3,3,3,3,3,3,3,3,3,4,3,3,3,3,3,3,3,3,"Option 3, Option 5, Option 9",40-49ปี,ชาย,มีแฟนแต่ยังไม่แต่งงาน,พันธุ์ไทย/ผสม,Other,0
6/26/2024 20:35:55,เคย,เป็นน้องสาวคนเล็ก ,ไทย,Kativa ,4,3,5,3,4,มีผล,ได้ทั้งสองแบบ หากถูกใจ,4,4,4,3,2,3,4,4,Kativa,,2,4,2,2,2,4,4,4,4,4,4,4,4,4,4,3,4,4,3,3,3,4,3,3,3,3,3,3,4,3,3,3,3,3,3,4,3,3,3,3,2,3,2,2,2,2,2,2,2,2,"Option 2, Option 3, Option 4",20-29ปี,หญิง,มีแฟนแต่ยังไม่แต่งงาน,พันธุ์ไทย/ผสม,Other,0
6/26/2024 20:37:32,เคย,เป็นเพื่อน,สลิด,"King cat, Friskies",4,2,5,2,2,มีผล,ภาพแมวจริง หรือแมวสมจริง (AI),3,3,3,3,4,3,4,3,Friskies น่ารัก,ฝาเทอาหาร เหมือนขวดน้ำ,2,3,3,3,2,2,4,2,2,2,3,4,3,3,3,3,4,3,3,3,3,4,3,3,2,4,4,3,3,3,3,4,3,3,3,4,4,3,3,4,2,4,2,2,2,2,4,4,3,2,"Option 3, Option 6, Option 8",40-49ปี,หญิง,โสด ไม่มีแฟน,พันธุ์ไทย/ผสม,Other,1
6/26/2024 20:41:18,เคย,ลูกที่ทั้งรัก ทั้งน่ารำคาญในบางเวลา 555,จร สามสี,วิสกัส,3,3,5,3,4,มีผล,ภาพแมวจริง หรือแมวสมจริง (AI),4,4,4,4,2,3,4,2,วิสกัส เพราะคุ้นเคย สีเข้ม /zoi cat เพราะแมวที่ถุงน่ารัก,ไม่แน่ใจ,1,4,1,1,1,1,4,1,1,1,2,3,2,2,2,1,3,1,1,1,3,3,3,3,3,3,4,3,3,3,3,4,4,3,3,3,3,3,3,3,2,3,2,2,2,1,4,2,2,2,"Option 6, Option 7, Option 8",50ปี ขึ้นไป,อื่นๆ,หย่าร้าง/เป็นม่าย,พันธุ์ไทย/ผสม,Whiskas,0
6/26/2024 20:44:01,เคย,เป็นลูก ที่เราอยากเห็นการเติบโตของเค้า,Johnjust ,Projen + petheria,5,3,5,3,4,ไม่มีผล,ได้ทั้งสองแบบ หากถูกใจ,4,4,5,2,3,3,5,3,Projen + test of wild เห็นแล้วรู้สึกถึงธรรมชาติของแมว ความเป็นสัตว์ป่าและนักล่า ทำให้รู้สึกว่าถ้าซื้อให้ลูกกินมันจะดีกับเค้าในแบบที่ธรรมชาติจะให้ ส่วนแพ็คเกจชอบ Projen ที่มีจุดเปิดปากถุงง่าย มีเส้นๆให้ดึง ไม่ใช่ฉีกตามรอยปะ,ซิปล็อกควรจะมีอยู่แล้ว ส่วนที่อยากเพิ่มหน้าถุงอาหารคือรูปเม็ดอาหาร ขนาดเม็ด เด่นเรื่องไหน ช่วยเรื่องอะไร,4,4,4,5,3,3,2,4,3,3,4,2,3,3,3,4,2,3,3,3,4,5,5,4,4,3,2,2,2,2,3,2,2,3,3,4,4,5,5,4,3,2,3,3,3,2,2,2,2,2,"Option 1, Option 5, Option 8",20-29ปี,หญิง,มีแฟนแต่ยังไม่แต่งงาน,อื่นๆ,Other,0
6/26/2024 20:44:14,เคย,เป็นครอบครัว,ไทย,ยูโอ,5,5,5,5,5,มีผล,ภาพแมวจริง หรือแมวสมจริง (AI),5,5,5,5,5,5,5,5,ยูโอ เพราะ มีแมวต้องยูโอ,วิตามินบำรุงสุขภาพแมว,3,3,3,3,3,4,4,4,4,4,5,5,5,5,5,5,5,5,5,5,3,3,3,3,3,5,5,5,5,5,5,5,5,5,5,4,4,4,4,4,3,3,3,3,3,3,3,3,3,3,"Option 3, Option 6, Option 7",30-39ปี,หญิง,มีแฟนแต่ยังไม่แต่งงาน,พันธุ์ไทย/ผสม,Other,1
6/26/2024 20:51:15,เคย,เป็นเหมือนคนในครอบครัว,แมวจรไทย,คิงส์แคท / Justino สลับๆกัน,5,3,4,4,4,มีผล,ภาพแมวจริง หรือแมวสมจริง (AI),4,3,4,4,4,4,5,4,คิงส์แคท ได้ยินชื่อบ่อยเห็นบ่อย,รูปแมวของตัวเอง,3,4,3,4,4,3,4,3,3,3,4,4,4,3,4,4,4,4,3,4,3,3,3,3,3,3,3,3,4,3,3,4,3,3,3,3,3,3,3,3,3,4,3,4,3,3,4,3,3,3,"Option 1, Option 3, Option 4",30-39ปี,หญิง,มีแฟนแต่ยังไม่แต่งงาน,พันธุ์ไทย/ผสม,Other,0
6/26/2024 20:51:42,เคย,เป็นคนในตรอบครัว,พันธุ์ไทย,King Cat,4,4,5,4,5,มีผล,ได้ทั้งสองแบบ หากถูกใจ,4,3,4,4,4,4,5,5,Buzz,-,3,5,4,3,3,4,5,3,3,3,2,5,3,3,3,2,3,3,3,3,5,3,4,4,4,4,4,3,3,3,5,5,5,5,5,5,5,5,5,5,3,3,3,3,3,3,3,3,3,3,"Option 5, Option 7, Option 8",20-29ปี,หญิง,โสด ไม่มีแฟน,พันธุ์ไทย/ผสม,Other,1
6/26/2024 20:52:10,เคย,เป็นคนในครอบครัว,แมวไทย (แมวจร),"Purino, King Cat",5,4,5,5,5,มีผล,ได้ทั้งสองแบบ หากถูกใจ,5,5,5,5,4,4,4,3,Whiskas จำ packaging ได้,-,4,4,3,3,3,3,4,3,3,3,3,5,4,4,3,3,3,4,4,4,5,5,4,5,5,2,3,2,3,2,4,4,4,5,4,2,3,2,2,2,3,3,3,3,3,2,2,3,2,2,"Option 1, Option 5, Option 7",30-39ปี,ชาย,แต่งงานแล้ว,พันธุ์ไทย/ผสม,Other,0
6/26/2024 20:52:23,เคย,เป็นลูกเป็นครอบครัว,พันธ์ไทย,คิงแคท,4,4,4,4,4,ไม่มีผล,ได้ทั้งสองแบบ หากถูกใจ,4,4,4,4,3,4,5,4,คิงแคท,ไม่มี,3,3,3,3,3,3,3,3,3,3,3,4,3,4,3,3,3,3,3,3,3,3,3,3,3,3,3,3,3,3,3,3,3,3,3,3,3,3,3,3,3,3,3,4,3,3,3,3,3,3,"Option 2, Option 3, Option 9",30-39ปี,หญิง,แต่งงานแล้ว,พันธุ์ไทย/ผสม,Other,0
6/26/2024 20:54:10,เคย,คนในครอบครัว,ไทย,King Cat,5,3,5,3,5,ไม่มีผล,ได้ทั้งสองแบบ หากถูกใจ,4,3,4,3,3,3,4,3,King Cat เพราะไม่ได้เลือกซื้อยี่ห้ออื่นเลย,,3,4,3,3,3,2,3,2,2,2,4,4,4,3,4,3,4,3,3,3,3,4,3,3,3,3,4,3,3,3,3,4,3,3,3,3,4,3,3,3,3,4,3,3,3,3,4,3,3,3,"Option 1, Option 3, Option 9",40-49ปี,หญิง,แต่งงานแล้ว,พันธุ์ไทย/ผสม,Other,0
6/26/2024 20:59:19,เคย,เป็นคนในครอบครัว เจ็บไข้ได้ป่วยก็ดูแลรักษากัน ,"ไทย , ไทยผสมสกอตติชโฟลด์","SmartBrain Gold , YOU-O Gold ",4,4,4,3,4,มีผล,ได้ทั้งสองแบบ หากถูกใจ,3,4,4,4,5,5,5,5,BUZZ Netura ชอบซองที่เป็นเนื้อด้านๆ ลายเส้นการ์ตูนน่ารัก,,3,3,3,3,3,4,3,3,3,3,5,4,5,5,4,4,4,4,4,4,3,4,3,3,3,3,4,4,3,3,3,3,3,3,3,3,3,3,3,3,3,3,3,3,3,3,3,3,3,3,"Option 3, Option 4, Option 6",30-39ปี,หญิง,มีแฟนแต่ยังไม่แต่งงาน,พันธุ์ไทย/ผสม,Other,0
6/26/2024 21:00:04,เคย,เหมือนลูกเราเป็นเพื่อน,American Short Hair,Kativa,4,3,5,4,5,มีผล,ได้ทั้งสองแบบ หากถูกใจ,4,4,4,5,4,5,4,5,Whiskas เพราะสี,คุณประโยชน์ของอาหารแมวเพื่อให้แมวสุขภาพแข็งแรง,3,5,4,3,3,4,5,4,4,3,5,5,4,4,4,5,5,5,5,5,5,5,5,5,4,5,5,4,5,4,4,5,5,5,4,5,5,4,5,5,3,5,3,3,3,3,5,4,3,3,"Option 1, Option 3, Option 8",30-39ปี,หญิง,มีแฟนแต่ยังไม่แต่งงาน,อื่นๆ,Other,1
6/26/2024 21:08:11,เคย,เป็นเหมือนสมาชิกในครอบครัว,ทาง,Friskies,4,3,4,3,3,มีผล,ภาพแมวจริง หรือแมวสมจริง (AI),4,3,4,4,3,3,4,4,Purino friskies,,4,4,3,3,3,3,3,3,3,3,4,4,4,3,3,3,4,3,3,3,3,3,3,4,3,4,4,4,4,4,4,4,4,4,4,4,4,4,4,4,2,2,2,3,1,2,2,2,2,2,"Option 3, Option 4, Option 6",40-49ปี,หญิง,มีแฟนแต่ยังไม่แต่งงาน,อื่นๆ,Other,1
6/26/2024 21:10:52,เคย,แมวเป็นทั้งลูก ทั้งเพื่อน และเจ้านาย,ไทยล้วน,Purino neo / king cat,4,3,4,4,4,ไม่มีผล,ภาพแมวจริง หรือแมวสมจริง (AI),4,4,5,5,4,4,5,5,King Cat  เพราะมีรูปแมวหลายสายพันธุ์,Topping เสริม พวกไก่ฟรีซดาย,5,5,5,4,4,5,5,5,4,4,5,5,5,5,5,4,5,4,4,5,4,3,3,4,3,3,5,4,3,3,4,4,4,4,4,5,5,5,5,5,5,5,5,5,5,3,3,4,3,3,"Option 1, Option 3, Option 8",30-39ปี,หญิง,แต่งงานแล้ว,พันธุ์ไทย/ผสม,Other,0
6/26/2024 21:11:22,เคย,น้อง,ไทย,"Buzz , justino",3,3,5,3,5,ไม่มีผล,ได้ทั้งสองแบบ หากถูกใจ,3,4,5,5,5,5,5,4,Buzz เพราะ ถุงมีซิปล๊อค และ ซองเป็นแบบกันแสงแดด ทำให้คุณภาพของอาหารยังคงที่ไม่หายไป,ซิปล๊อคที่แน่นขึ้น,3,3,3,3,3,3,4,3,3,3,4,3,4,4,4,4,4,4,4,4,3,3,3,3,3,5,5,5,4,4,5,5,5,5,5,5,5,5,5,5,3,4,4,4,4,4,4,4,4,4,"Option 6, Option 7, Option 8",30-39ปี,อื่นๆ,มีแฟนแต่ยังไม่แต่งงาน,พันธุ์ไทย/ผสม,Other,1
6/26/2024 21:42:25,เคย,เป็นเหมือนสมาชิกครอบครัว,"วิเชียรมาศ ,แมวไทย",Pramy,5,3,4,3,4,มีผล,ได้ทั้งสองแบบ หากถูกใจ,3,4,4,3,5,3,4,3,Buzz เพราะสีสันดูสบายตา สีไม่ฉูดฉาย,เติมแมวลงไปเยอะๆเลย,4,4,4,4,4,4,4,4,4,4,3,4,4,4,3,3,4,4,4,3,3,3,4,3,3,4,5,4,4,4,4,4,4,4,4,5,5,4,4,5,3,3,3,3,3,3,3,3,3,3,"Option 1, Option 6, Option 8",20-29ปี,หญิง,มีแฟนแต่ยังไม่แต่งงาน,พันธุ์ไทย/ผสม,Other,1
6/26/2024 21:46:41,เคย,เปรียบเสมือนลูก,ทาง,Purena Friskies,4,2,4,2,3,ไม่มีผล,ภาพแมวจริง หรือแมวสมจริง (AI),4,4,4,4,4,4,4,4,Whiskas,ราคา,4,4,4,4,4,4,4,4,4,4,4,4,4,4,4,3,3,3,3,3,3,3,3,3,3,4,4,4,4,4,3,3,3,3,3,4,4,4,4,4,4,4,4,4,4,3,3,3,3,3,"Option 3, Option 6, Option 9",30-39ปี,หญิง,โสด ไม่มีแฟน,อื่นๆ,Other,1
6/26/2024 21:58:03,เคย,เหมือนน้องชายที่ถึงจะดื้อและทำให้เราเจ็บตัว แต่สุดท้ายเราก็จะหายโกรธเอง เป็นสิ่งมหัศจรรย์ที่แค่กอด/หอมก็ช่วยให้หายเครียดได้,ไทย,คิง แคท,4,4,5,3,4,มีผล,ได้ทั้งสองแบบ หากถูกใจ,4,4,4,5,3,3,4,4,คิง แคท เพราะมีการใช้ CI แบรนด์ที่ไม่เหมือนกับแบรนด์อื่นในท้องตลาด,มีบริเวณให้ทดลองดมกลิ่นอาหารแมวบนตัวถุง,3,4,3,3,3,3,5,3,4,3,5,5,5,5,5,5,5,5,5,5,5,5,5,5,5,3,3,3,3,3,3,4,3,3,3,3,3,3,3,3,5,3,3,3,3,3,4,3,4,3,"Option 2, Option 3, Option 4",20-29ปี,หญิง,โสด ไม่มีแฟน,พันธุ์ไทย/ผสม,Other,0
6/26/2024 22:00:13,เคย,เป็นส่วนนึงของชีวิต ขาดไม่ได้,ไทย เปอร์เซีย,Buzz ,5,4,5,5,5,ไม่มีผล,ได้ทั้งสองแบบ หากถูกใจ,5,4,5,5,5,5,5,4,Solid สีสันจัดจ้าน,ดอกไม้,2,4,2,2,2,3,3,3,3,2,5,5,5,5,5,4,4,4,4,4,4,4,4,4,4,5,5,5,4,5,4,4,4,4,4,4,5,5,5,5,3,3,3,3,3,4,3,4,4,4,"Option 3, Option 6, Option 8",20-29ปี,หญิง,โสด ไม่มีแฟน,พันธุ์ไทย/ผสม,Other,1
6/26/2024 22:03:59,เคย,คนในครอบครัว,พันธุ์ทาง,เม็ด เปียก เปลี่ยนไปเรื่อยๆ แมว ขี้เบื่อ,3,2,5,2,2,ไม่มีผล,ได้ทั้งสองแบบ หากถูกใจ,2,2,3,3,3,3,3,3,ฟริสกี้,Topping ,5,3,3,3,3,3,3,3,3,3,3,3,3,3,3,3,3,3,3,3,3,3,3,3,3,3,3,3,3,3,3,3,3,3,3,3,3,3,3,3,3,3,3,3,3,3,3,3,3,3,"Option 6, Option 7, Option 8",40-49ปี,หญิง,โสด ไม่มีแฟน,อื่นๆ,Other,0
6/26/2024 22:36:18,เคย,เพื่อน,แมวพันธุ์ไทย,YouO,5,4,5,4,4,มีผล,ภาพแมวจริง หรือแมวสมจริง (AI),5,5,5,5,5,5,5,4,YouO,สรรพคุณของวัถุดิบที่ดีต่อแมวในแต่ละรสชาติ,5,5,5,5,5,4,5,5,5,5,4,5,5,5,5,5,5,5,5,5,5,5,5,5,5,5,5,5,5,5,5,5,5,5,5,3,5,5,5,5,3,3,3,3,3,3,3,3,3,3,"Option 1, Option 3, Option 7",30-39ปี,หญิง,โสด ไม่มีแฟน,พันธุ์ไทย/ผสม,Other,1
6/26/2024 22:51:20,เคย,เหมือนสมาชิกในครอบครัว เป็นน้องเล็กในบ้าน,แมวจร,"Purino neo, Buzz holistic, วิสกัส",5,3,5,1,3,มีผล,ได้ทั้งสองแบบ หากถูกใจ,3,5,5,4,2,3,5,3,วิสกัส เพราะสีม่วง สะดุดตา แล้วใช้สีนี้มายาวนาน,ที่มีขายตามท้องตลาดคิดว่ามีรายละเอียดแจ้งครบถ้วนแล้ว ,2,3,3,2,2,4,3,2,4,3,4,3,3,3,4,4,4,3,4,4,4,4,3,3,3,4,4,3,4,3,3,3,3,3,2,2,3,2,3,2,4,4,4,4,4,3,3,3,4,3,"Option 3, Option 4, Option 9",30-39ปี,หญิง,โสด ไม่มีแฟน,พันธุ์ไทย/ผสม,Whiskas,1
6/26/2024 23:31:03,เคย,ตอนแรกเป็นลูก ตอนหลังเริ่มเป็นภาระ,scotish,King cat,5,4,4,4,5,มีผล,ได้ทั้งสองแบบ หากถูกใจ,4,4,4,4,2,4,5,3,ถ้าการออกแบบให้ King Cat แต่ถ้าชื่อแบรนด์ยกให้ YouO เพราะลองอ่านคำว่า YouO สิ มันน่ารักจะตาย,ราคาแนะนำ พิมพ์ลงไปเลย จะได้รู้ว่าร้านไหนค้ากำไรเกินควร,1,4,1,1,1,1,4,1,1,1,4,4,3,4,3,1,4,1,1,1,1,1,1,1,1,4,4,3,4,3,1,1,1,1,1,1,1,1,1,1,1,4,3,1,1,1,4,4,4,1,"Option 3, Option 6, Option 10",30-39ปี,ชาย,มีแฟนแต่ยังไม่แต่งงาน,อื่นๆ,Other,1
6/27/2024 7:40:15,เคย,ลูก ผู้ขี้อ้อน,บริชติส ช้อตแฮร์,คิงงแคท,5,3,5,4,4,มีผล,ได้ทั้งสองแบบ หากถูกใจ,4,4,4,4,4,4,4,4,คิงส์แคทท ภาพเล่าเรื่อง,คลีน,4,4,4,4,4,5,5,5,5,5,5,5,5,5,5,3,4,4,4,4,4,4,4,4,4,5,5,5,4,4,3,3,3,3,3,4,4,4,4,4,3,3,3,3,3,2,2,2,2,2,"Option 1, Option 2, Option 5",50ปี ขึ้นไป,หญิง,แต่งงานแล้ว,อื่นๆ,Other,1
6/27/2024 7:54:41,เคย,เหมือนลูก,เปอร์เซีย,PURINO,5,4,5,4,4,ไม่มีผล,ได้ทั้งสองแบบ หากถูกใจ,4,4,3,4,4,3,4,3,PURINO มีภาพรายละเอียดที่หน้าถุง,วิตามิน,3,3,2,4,3,4,4,4,4,4,5,5,5,4,4,2,2,2,2,2,2,2,2,2,2,4,4,4,4,4,3,3,3,3,3,3,3,3,3,3,1,1,1,1,1,1,1,1,1,1,"Option 2, Option 3, Option 6",50ปี ขึ้นไป,หญิง,หย่าร้าง/เป็นม่าย,เปอร์เซีย,Other,1
6/27/2024 8:10:45,เคย,ครอบครัว,ไทย,วิสกัสรสปลาทูน่า,5,5,5,5,5,ไม่มีผล,ได้ทั้งสองแบบ หากถูกใจ,4,4,5,4,5,5,5,5,วิสกัสเพราะคุ้นชินและเห็นบ่อยที่สุด,เปอร์เซ็นของความเค็ม,3,4,3,2,2,3,3,3,3,3,4,4,4,4,4,4,4,4,4,4,4,4,4,4,4,4,4,4,4,4,4,4,4,4,4,4,4,4,4,4,4,4,4,4,4,4,4,4,4,4,"Option 3, Option 6, Option 10",20-29ปี,หญิง,มีแฟนแต่ยังไม่แต่งงาน,พันธุ์ไทย/ผสม,Whiskas,1
6/27/2024 8:45:28,เคย,เหมือนเจ้านายที่ต้องคอยปรนนิบัติ,พันธุ์ผสม,ยูโอ,4,4,4,4,4,มีผล,ได้ทั้งสองแบบ หากถูกใจ,4,4,4,4,4,4,4,4,ยูโอ เพราะซื้ออยู่แบรนด์เดียว,,3,3,3,3,3,3,3,3,3,3,3,3,3,3,3,3,3,3,3,3,4,4,4,4,4,3,3,3,3,3,3,3,3,3,3,3,3,3,3,3,3,3,3,3,3,2,2,2,2,2,"Option 2, Option 3, Option 5",30-39ปี,หญิง,โสด ไม่มีแฟน,อื่นๆ,Other,0
6/27/2024 8:55:19,เคย,เป็นเพื่อน,แมวไทย,เบทราโกร,4,3,4,2,3,ไม่มีผล,ได้ทั้งสองแบบ หากถูกใจ,3,3,5,5,4,4,4,3,เบทราโกร บรรจุภัณฑ์ บงบอกลักษณะอาหาร อื่นๆ,,4,5,4,3,3,3,3,3,3,3,5,4,4,4,4,4,4,4,3,3,4,3,3,3,3,5,5,4,4,4,4,3,4,4,3,3,3,3,3,3,3,3,3,3,3,3,4,3,3,3,"Option 3, Option 5, Option 6",30-39ปี,หญิง,โสด ไม่มีแฟน,พันธุ์ไทย/ผสม,Other,1
6/27/2024 10:14:39,เคย,เป็นลูก,ScottishFold,King Cat,5,4,5,4,5,มีผล,ได้ทั้งสองแบบ หากถูกใจ,5,5,4,4,4,4,5,4,Buzz เพราะภาพบนบรรจุภัณฑ์น่าดึงดูด,ภาพการ์ตูน,3,4,3,3,3,4,4,4,4,3,5,5,5,4,5,4,4,3,3,3,4,4,3,3,3,4,4,4,4,4,5,5,5,5,5,4,3,3,3,3,3,4,3,3,3,3,4,4,3,3,"Option 2, Option 6, Option 7",30-39ปี,หญิง,มีแฟนแต่ยังไม่แต่งงาน,สก๊อตติช โฟลด์,Other,1
6/27/2024 11:49:47,เคย,ลูกในไส้,อเมริกันช็อตแฮร์,Purino Neo,4,4,4,3,4,มีผล,ได้ทั้งสองแบบ หากถูกใจ,4,3,4,4,3,3,4,3,King Cat เรียบๆคลีน สบายตา อ่านรายละเอียดได้ชัดเจน,Product RTB  สั้นๆ กระชับ เข้าใจง่าย,3,4,3,3,3,4,4,4,4,4,4,4,4,4,4,3,4,4,4,3,3,5,4,4,3,3,4,3,3,3,4,5,4,4,3,4,5,4,4,3,3,4,4,3,3,3,4,3,3,3,"Option 3, Option 4, Option 7",20-29ปี,หญิง,โสด ไม่มีแฟน,อื่นๆ,Other,0
6/27/2024 11:52:24,เคย,เป็นเหมือนลูกของเรา,แมวไทย,วิสกัส,5,4,5,4,5,ไม่มีผล,ได้ทั้งสองแบบ หากถูกใจ,4,5,5,5,5,4,5,5,วิสกัส เพราะเป็นแบรนด์ที่ติดหู เห็นโฆษณาบ่อยๆ,,5,5,5,5,5,4,4,3,5,4,5,5,5,5,5,5,5,5,5,5,5,5,5,5,5,3,3,3,3,3,3,3,3,3,3,5,5,5,5,5,5,5,5,5,5,2,2,2,2,2,"Option 1, Option 3, Option 4",20-29ปี,หญิง,แต่งงานแล้ว,พันธุ์ไทย/ผสม,Whiskas,0
6/27/2024 11:57:29,เคย,เป็นเจ้านายของเรา เป็นลูกของเรา เขาอยากได้อะไรก็ต้องหาซื้อมาให้ เทเปียกให้แล้วก็ข่วนเรา เราก็รักเหมือนเดิม เพราะเขาเติมเต็มความสุขด้วยความน่ารัก ขี้อ้อนของเขา (ขี้อ้อนในบางวัน) เวลาหอมแมวเหมือนได้เติมเอนเนอจี้ความสุข,แมวพันธุ์จร จรจัส,"YouO Gold, MEKKO",4,3,5,3,5,ไม่มีผล,ได้ทั้งสองแบบ หากถูกใจ,4,5,3,5,1,3,4,3,แคทิว่า เพราะมีภูเขาใหญ่ดี สะดุดตา เหมือนไม่ใช่อาหารแมว // Petheria เพราะหน้าแมวน่ารัก,เพิ่มของเล่นแมว,1,4,2,1,1,3,4,3,1,1,4,5,3,4,4,5,5,4,4,5,3,3,1,3,1,2,3,3,2,1,1,1,1,1,1,4,4,4,5,5,1,1,1,1,1,3,3,2,2,1,"Option 3, Option 4, Option 8",20-29ปี,หญิง,โสด ไม่มีแฟน,พันธุ์ไทย/ผสม,Other,0
6/27/2024 12:00:30,เคย,เพื่อนผู้น่ารัก,สามสีกับลายปลานิล,วิสกัต,4,2,5,2,3,ไม่มีผล,ภาพแมวจริง หรือแมวสมจริง (AI),2,3,4,3,3,3,4,4,ไม่มีในใจนะครับ แต่ลองซื้อมาแล้วแมวกินหมดก็จำยี่ห้อนั้นไว้,,3,3,3,3,3,4,4,3,3,4,3,4,2,4,3,3,3,2,3,2,4,4,4,4,4,4,4,3,4,4,3,3,2,3,2,2,4,2,3,2,3,2,4,4,3,3,4,3,3,2,"Option 2, Option 5, Option 6",30-39ปี,ชาย,โสด ไม่มีแฟน,อื่นๆ,Other,1
6/27/2024 12:02:35,เคย,เป็นทุกอย่าง ที่ทำให้รู้สึกดีต่อใจ,ธรรมดา,พาแมวไปเลือกที่ร้าน,4,3,4,3,5,มีผล,ได้ทั้งสองแบบ หากถูกใจ,4,4,4,4,5,3,5,3,ไม่เจาะจง,ไม่มีความเห็น,2,2,2,2,2,4,5,4,4,4,4,4,5,4,5,4,4,4,4,4,3,3,3,2,1,1,1,1,1,1,3,2,2,1,2,2,2,2,1,2,2,2,2,1,2,1,1,1,1,1,"Option 2, Option 3, Option 4",30-39ปี,ชาย,โสด ไม่มีแฟน,อื่นๆ,Other,0
6/27/2024 12:03:18,เคย,เหมือนลูก เหมือนเพื่อน ชอบคุยกับแมวค่ะ ,แมววัด แมวสามสี แมวสลิด,เคยซื้อยี่ห้อ วิสกัส อาหารเปียก ยูโอ,4,3,5,4,4,มีผล,ได้ทั้งสองแบบ หากถูกใจ,4,5,4,3,4,4,4,3,วิสกัส ยูโอ,ไม่มีค่า,3,4,3,3,3,4,5,3,3,4,5,4,4,3,4,4,4,3,4,4,2,3,3,3,3,3,3,4,4,3,3,4,3,4,3,3,4,3,3,3,2,3,2,3,2,2,2,2,3,2,"Option 2, Option 3, Option 4",30-39ปี,หญิง,โสด ไม่มีแฟน,พันธุ์ไทย/ผสม,Whiskas,0
6/27/2024 12:08:11,เคย,ลูก,พันธุ์สลิดข้างทาง และอีกบ้านอเมริกันช็อตแฮร์,พูริโน่ฟริสกี้ รสอาหารทะเลถุงฟ้า (ตอนนี้ไม่ได้เลี้ยงแล้ว),4,3,5,3,4,ไม่มีผล,ภาพแมวจริง หรือแมวสมจริง (AI),3,4,3,3,3,3,4,3,วิสกัส เพราะสีม่วงโดดเด่น พูริโน่สีเขียวพรีเมียม,ให้ถุงมีส่วนใส จะเห็นว่าผลิตภัณฑ์ข้างในแตก หัก เก่า สีเปลี่ยนหรือเปล่า,2,4,2,2,1,4,3,2,2,2,3,4,3,2,3,3,4,3,3,3,3,4,4,3,3,3,4,3,3,3,2,3,2,2,2,3,4,3,3,3,3,4,3,3,3,3,4,4,3,3,"Option 3, Option 4, Option 10",40-49ปี,ชาย,มีแฟนแต่ยังไม่แต่งงาน,พันธุ์ไทย/ผสม,Other,0
6/27/2024 12:17:19,เคย,ลูก,แมวไทย,วิสกัส,4,3,5,4,4,มีผล,ภาพแมวจริง หรือแมวสมจริง (AI),4,5,5,5,5,3,5,4,วิสกัส,,4,5,3,4,4,3,3,3,2,2,4,3,4,3,3,4,5,4,4,4,3,3,3,3,3,3,3,2,3,2,2,3,2,2,2,2,3,3,3,2,3,3,2,3,3,2,2,2,2,2,"Option 1, Option 3, Option 4",30-39ปี,หญิง,โสด ไม่มีแฟน,พันธุ์ไทย/ผสม,Whiskas,0
6/27/2024 12:19:10,เคย,ลูก,ไทย,King Cat,4,2,4,2,3,ไม่มีผล,ได้ทั้งสองแบบ หากถูกใจ,2,2,5,3,3,2,5,5,วิสกัส,คุณสมบัติ เช่น ลดก้อนขน ลดขนหลุดร่วง ฟันแข็งแรง,4,4,3,3,3,3,4,3,3,3,4,5,4,4,4,3,3,3,3,3,4,4,3,3,3,3,3,3,3,3,3,3,3,3,3,4,4,3,3,3,3,3,3,3,3,3,3,3,3,3,"Option 3, Option 4, Option 5",30-39ปี,หญิง,มีแฟนแต่ยังไม่แต่งงาน,พันธุ์ไทย/ผสม,Other,0
6/27/2024 12:37:30,เคย,เพื่อนคลายเหงา,วิเชียร์มาศ (แมวจร),Kativa,4,3,5,3,4,มีผล,ได้ทั้งสองแบบ หากถูกใจ,3,3,3,3,3,3,4,4,Katival เพราะแพคเกจดูมีสีสันและน่าจะมีประโยชน์ ,,3,3,3,3,3,3,3,3,4,3,4,4,4,4,4,3,4,3,4,3,3,3,3,3,3,4,4,4,4,4,3,3,3,4,3,3,3,3,4,3,4,4,3,5,3,3,3,3,3,3,"Option 3, Option 6, Option 9",20-29ปี,หญิง,โสด ไม่มีแฟน,พันธุ์ไทย/ผสม,Other,1
6/27/2024 13:13:32,เคย,เป็นลูกสาว,แมวสามสี,YOU-O ,4,3,5,3,4,มีผล,ได้ทั้งสองแบบ หากถูกใจ,4,3,5,5,5,4,5,4,วิสกัส เพราะเห็นที่โฆษณาบ่อยและตอนไปเดินเลือกซื้ออาหารแมว,ไม่รู้,3,4,3,4,3,5,5,3,4,3,5,4,5,5,5,3,4,3,4,3,5,4,5,5,5,5,5,5,4,5,4,4,4,4,4,4,3,3,3,3,4,4,3,4,4,4,4,4,4,3,"Option 3, Option 6, Option 7",30-39ปี,หญิง,โสด ไม่มีแฟน,อื่นๆ,Other,1
6/27/2024 13:18:34,เคย,เป็นเหมือนคนในครอบครัว,Domestic short hair,Pateria,5,4,5,4,4,มีผล,ภาพแมวจริง หรือแมวสมจริง (AI),4,5,4,4,5,4,5,5,You-O เพราะเป็นที่รู้จัก และเป็นแบรนด์แรกๆที่มีการโฆษณา,ส่วนผสมโปรตีนที่ทำจากวัตถุดิบที่มีประโยชน์ต่อน้องแมวมากขึ้น เช่น ปลาทู ,4,5,4,5,5,5,5,5,4,4,5,4,4,5,5,4,4,5,4,5,4,5,5,4,5,4,4,4,4,4,4,4,4,4,4,4,4,5,4,5,4,5,4,5,5,3,3,4,3,4,"Option 1, Option 2, Option 3",20-29ปี,อื่นๆ,มีแฟนแต่ยังไม่แต่งงาน,อื่นๆ,Other,1
6/27/2024 13:19:15,เคย,เป็นเหมือนลูก และเพื่อนเล่น,เปอร์เซียผสมแมวบ้าน,Purino neo,4,1,5,1,4,มีผล,ภาพแมวจริง หรือแมวสมจริง (AI),4,3,3,4,4,3,4,3,Purino neo เพราะสีถุงเป็นเอกลักษณ์,,1,3,2,1,1,3,3,2,3,1,4,4,4,4,4,4,3,3,4,3,3,4,4,4,4,4,4,3,4,4,3,3,3,3,3,4,4,4,4,4,4,3,3,4,4,3,4,3,3,3,"Option 3, Option 4, Option 6",20-29ปี,หญิง,มีแฟนแต่ยังไม่แต่งงาน,พันธุ์ไทย/ผสม,Other,1
6/27/2024 13:21:18,เคย,เหมือนลูก เหมือนเพื่อน unconditional love,American shorthair,Purino Neo,4,3,5,3,5,ไม่มีผล,ภาพแมวจริง หรือแมวสมจริง (AI),4,3,5,4,3,4,4,3,Purino Neo โทนสีเป็นเอกลักษณ์ เห็นแล้วจำได้,,3,4,3,3,3,3,3,4,3,3,2,4,2,3,2,3,4,3,3,3,3,3,3,3,3,2,2,2,2,2,2,2,2,2,2,3,4,3,3,3,3,3,3,3,3,3,4,3,3,3,"Option 2, Option 7, Option 9",30-39ปี,หญิง,โสด ไม่มีแฟน,อื่นๆ,Other,0
6/27/2024 13:24:23,เคย,เป็นลูกค่ะ,พันธ์ไทย,ยูโอ,5,5,5,5,5,ไม่มีผล,ได้ทั้งสองแบบ หากถูกใจ,5,5,5,5,5,5,5,5,ยูโอ,,2,4,3,4,2,5,5,5,5,5,5,5,5,5,5,5,5,5,5,5,5,5,5,5,5,5,5,5,5,5,5,5,5,5,5,5,5,5,5,5,5,5,5,5,5,5,5,5,5,5,"Option 3, Option 5, Option 6",20-29ปี,หญิง,โสด ไม่มีแฟน,พันธุ์ไทย/ผสม,Other,1
6/27/2024 13:25:19,เคย,"everything, unconditional love ❤️ ",DSH,King cat,3,3,4,4,5,ไม่มีผล,ภาพการ์ตูน หรือลายเส้น,4,4,5,3,3,5,5,4,Buzz,คิดไม่ออก เอาแค่เท่าที่ กม กำหนดก็พอ เยอะเกินรก,3,4,3,3,2,4,5,3,3,4,4,3,4,4,4,3,3,2,2,2,1,1,1,1,1,1,1,1,1,1,3,3,3,4,3,4,3,4,4,4,1,1,1,1,1,1,1,1,1,1,"Option 2, Option 3, Option 8",20-29ปี,หญิง,มีแฟนแต่ยังไม่แต่งงาน,อื่นๆ,Other,0
6/27/2024 13:26:36,เคย,สำหรับเราแมวเป็นความสุขและเป็นสิ่งที่อยากทะนุถนอมค่ะ ถึงแม้จะไม่ได้เลี้ยงแมวในบ้านแต่เลี้ยงแมวจรเป็นประจำ พยายามหาสิ่งที่ดีให้แก่น้องๆค่ะ,แมวจรค่ะ,หลากหลายมากค่ะ มีทั้งวิสกัต/ยูโอและ zoi catค่ะ,5,3,4,3,5,มีผล,ได้ทั้งสองแบบ หากถูกใจ,4,5,4,5,5,4,5,3,ยูโอค่ะ เพลงสนุกดีค่ะ 😻และเป็นแบรนด์คุ้มเคยมาตลอด,,4,4,4,4,4,4,4,4,5,4,5,5,5,5,5,5,5,5,5,5,5,5,5,5,5,4,4,4,4,4,4,4,4,4,4,4,4,4,4,4,4,4,4,4,4,4,4,4,4,4,"Option 3, Option 4, Option 5",20-29ปี,หญิง,โสด ไม่มีแฟน,พันธุ์ไทย/ผสม,Other,1
6/27/2024 13:38:57,เคย,เหมือนคนในครอบครัว,American Shorthair,Solid gold,3,3,5,4,4,ไม่มีผล,ได้ทั้งสองแบบ หากถูกใจ,3,2,2,5,3,4,5,3,คิงแคท เพราะติดหู ผ่านตาเยอะ,,4,4,3,3,3,4,4,3,3,4,3,3,3,3,3,4,4,3,3,4,3,3,3,3,3,2,2,2,2,1,4,4,3,3,3,2,2,3,3,3,1,2,1,1,1,2,4,2,2,2,"Option 2, Option 4, Option 7",20-29ปี,หญิง,มีแฟนแต่ยังไม่แต่งงาน,อื่นๆ,Other,0
6/27/2024 13:48:56,เคย,เหมือนเพื่อน ลูก คนในบ้าน คนที่เรารัก กลับบ้านมาจะได้เจอเค้ามานั่งคุยกัน,แมวไทยสีสวาด,Taste of the wild ,5,3,3,5,5,มีผล,ได้ทั้งสองแบบ หากถูกใจ,5,3,3,5,5,5,5,3,Taste of the wild ,ปากถุงแบบซิปล็อก,1,3,1,1,1,1,3,1,1,1,3,1,4,3,1,1,1,2,1,1,1,3,4,1,1,1,1,3,1,1,4,4,4,3,3,1,1,4,4,1,1,1,1,1,1,1,2,4,1,1,"Option 7, Option 9, Option 10",40-49ปี,ชาย,โสด ไม่มีแฟน,พันธุ์ไทย/ผสม,Other,0
6/27/2024 14:02:40,เคย,สมาชิกคนนึงในครอบครัว,อเมริกันช็อตแฮร์ เปอร์เซีย และลูกครึ่งของ 2 พันธุ์นี้ ,"King Cat, purino neo, kaniva, tiffany, Mekko kotten, maxima",4,4,5,4,4,มีผล,ภาพแมวจริง หรือแมวสมจริง (AI),5,4,5,5,3,4,4,4,purino neo สีชมพู,แมว ขนแมว รูปร่างแมว ภาพส่วนผสม รูปเม็ดอาหาร ,3,3,2,2,2,4,4,3,4,4,3,3,2,2,1,3,3,2,3,1,4,4,3,3,4,1,2,1,2,1,4,3,4,4,2,3,2,3,3,2,3,3,3,2,2,1,2,3,2,1,"Option 2, Option 5, Option 9",40-49ปี,หญิง,แต่งงานแล้ว,เปอร์เซีย,Kaniva,0
6/27/2024 14:04:50,เคย,เป็นสมาชิกในครอบครัว,แมวจร,Purino Neo / Kativa ,5,3,5,3,4,ไม่มีผล,ภาพแมวจริง หรือแมวสมจริง (AI),4,4,5,5,4,3,4,4,Solid Gold เพราะสีสันสะดุดตา,แจ้งหน้าซองเลยถึงปริมาณโซเดียม,1,1,1,1,1,3,3,3,3,3,4,4,4,4,4,4,4,4,4,4,3,3,3,3,3,3,3,3,3,3,3,3,3,3,3,3,3,3,3,3,2,2,2,2,2,2,2,2,2,2,"Option 3, Option 4, Option 5",40-49ปี,หญิง,มีแฟนแต่ยังไม่แต่งงาน,พันธุ์ไทย/ผสม,Other,0
6/27/2024 14:06:54,เคย,เป็นกำลังใจในการใช้ชีวิต,ไทย,แคทิว่า,4,3,5,3,5,มีผล,ภาพแมวจริง หรือแมวสมจริง (AI),5,5,5,5,3,3,4,3,ยูโอ เพราะสีที่สะดุดตาและเป็นเอกลักษณ์,,3,5,4,3,2,4,5,5,4,4,4,5,3,5,4,3,5,4,4,4,3,5,5,4,4,2,5,3,4,3,2,4,3,4,3,3,5,3,4,3,4,5,3,4,4,4,5,5,5,4,"Option 2, Option 5, Option 10",30-39ปี,หญิง,โสด ไม่มีแฟน,พันธุ์ไทย/ผสม,Other,0
6/27/2024 14:13:15,เคย,ครอบครัว,แมวจร,King cat,4,3,3,3,4,ไม่มีผล,ได้ทั้งสองแบบ หากถูกใจ,3,3,4,3,3,4,4,5,King cat เห็นทั่วไป,,3,4,3,4,3,3,3,3,3,3,2,4,2,3,2,2,2,2,2,2,2,2,2,2,2,2,2,2,2,2,2,2,2,2,2,3,3,3,3,3,3,3,3,3,3,2,2,2,2,2,"Option 1, Option 2, Option 8",40-49ปี,หญิง,แต่งงานแล้ว,พันธุ์ไทย/ผสม,Other,0
6/27/2024 14:31:29,เคย,ลูกของเรา,american shorthair เปอร์เซีย,king cat แคทิว่า  purino,5,1,5,1,4,มีผล,ได้ทั้งสองแบบ หากถูกใจ,4,4,4,4,4,3,4,4,King cat,ขอความภาษาไทย เป็นfontน่ารักๆ ว่าช่วยเรื่องสรรพคุณเรื่องใด,2,3,3,3,3,3,3,3,3,3,3,4,3,3,3,3,3,3,3,3,3,3,3,3,3,3,3,3,3,3,3,3,3,3,3,3,3,3,3,3,4,3,3,3,3,3,3,3,3,3,"Option 3, Option 5, Option 9",40-49ปี,หญิง,แต่งงานแล้ว,เปอร์เซีย,Other,0
6/27/2024 14:31:49,เคย,เป็นน้องที่เราต้องดูแล,แมวไทย,SmartBrain  gold สำหรับแมว,3,2,5,1,3,มีผล,ได้ทั้งสองแบบ หากถูกใจ,4,4,2,1,1,1,4,3,คิดถึง Kativa จำสี branding ได้ชัด + โทนสีหน้าตาห่อ (ถึงจะไม่เคยซื้อ) เพราะเห็น Online Ads บ่อย ทั้งผ่าน Influ (ชิเอลแมวมึน) และเพลงโฆษณาติดหูมากเลยยิ่งโฟกัสจำแบรนด์นี้ได้,"ส่วนตัวชอบความมีซิปล็อค สามารถเปิดถุงและปิดเก็บได้สะดวก เพราะปกติไม่ได้ถ่ายใส่กล่องแยก
อย่างยี่ห้อนี้ (SmartBrain gold) รู้จักเพราะ Influ แมวที่ตามเป็นพรีเซนเตอร์ (Malon family) เลยลองซื้อมา แล้วรุ่นที่เค้าเป็นโปรโมชันกับทาง Influ ก็เป็นรุ่นมีซิปล็อค พอใช้ก็ถูกใจ เพราะมันสะดวกมาก แถมแมวก็ดูชอบกินด้วย",1,5,1,1,1,1,4,2,3,1,4,5,2,3,3,3,5,1,3,1,1,5,1,1,1,1,5,1,1,1,1,5,1,1,1,3,5,2,1,1,1,5,1,4,1,1,5,1,1,1,"Option 3, Option 4, Option 8",20-29ปี,หญิง,โสด ไม่มีแฟน,พันธุ์ไทย/ผสม,Other,0
6/27/2024 14:45:50,เคย,เป็นลูกๆ,วิเชียรมาศ แมวจร,"Solid gold , taste of the wild ",5,3,3,4,5,มีผล,ได้ทั้งสองแบบ หากถูกใจ,5,5,5,5,3,5,4,5,Taste of the Wild ดูสุขภาพดี,ขนาดการกินต่อวันที่จะไม่ส่งผลต้อ ตับหรือ ไต หรือ ค่าโปรตีน จริงๆหลังจากหักน้ำออกไป,3,4,3,3,3,4,4,4,4,4,4,4,4,4,4,4,4,4,4,4,4,4,4,4,4,5,5,5,5,5,5,5,5,5,5,5,5,5,5,5,4,4,4,4,4,3,3,3,3,3,"Option 4, Option 6, Option 7",40-49ปี,หญิง,มีแฟนแต่ยังไม่แต่งงาน,พันธุ์ไทย/ผสม,Other,1
6/27/2024 14:51:02,เคย,เหมือนลูกที่ไม่ค่อยรักแม่,"สก็อตติช,อเมริกันช็อตแฮร์",King Cat,5,2,5,3,2,มีผล,ได้ทั้งสองแบบ หากถูกใจ,5,5,4,4,4,3,3,3,taste of the wild เพราะในความรู้สึกถึงวัตถุดิบที่เป็นธรรมชาติ ความแข็งแรงที่จะได้รับจากการกินอาหารแบรนด์นี้,ก้านขนนกน้องแมวทุกยี่ห้องชอบมากคิดว่าน่าจะถูกใจแม่แมวหลายๆคนด้วยเพราะแมวเวลาเล่นขนนกแล้วมันพังไวบางทีต้องซื้อตุนไว้ ถ้าซื้ออาหารแมวแล้วแอบใส่ขนนกไว้ในบรรจุภัณฑ์น่าจะกระตุ้นให้แม่แมวหลายๆคนซื้ออาหารเพิ่มมากขึ้น,3,3,2,2,2,3,3,3,3,3,4,4,3,3,3,3,3,3,3,3,4,4,4,4,3,3,4,3,3,3,5,4,4,4,4,4,4,4,4,4,3,3,3,3,3,4,4,4,4,4,"Option 5, Option 7, Option 8",20-29ปี,หญิง,มีแฟนแต่ยังไม่แต่งงาน,อื่นๆ,Other,0
6/27/2024 15:01:30,เคย,ลูก,American Shorthair ,King Kat ,4,4,5,4,5,ไม่มีผล,ภาพแมวจริง หรือแมวสมจริง (AI),4,5,5,4,4,3,5,4,วิสกัส สีม่วงเด่นติดตา,ซิปล็อค ,3,3,3,3,3,3,3,3,3,3,3,3,3,3,3,3,3,3,3,3,3,3,3,2,3,4,4,3,3,4,3,3,3,3,3,4,4,3,3,4,3,3,3,3,3,3,3,3,3,3,"Option 6, Option 7, Option 8",30-39ปี,หญิง,แต่งงานแล้ว,อื่นๆ,Other,1
6/27/2024 15:05:58,เคย,เพื่อน,เมนคูน,Solid gold,4,4,4,4,4,มีผล,ได้ทั้งสองแบบ หากถูกใจ,4,3,3,3,5,4,5,4,Solid gold,,3,4,2,3,2,2,4,3,3,2,3,4,3,3,3,3,4,3,3,3,4,3,3,3,4,4,5,4,4,4,4,4,4,4,4,4,4,4,4,4,3,3,3,3,3,2,2,2,2,2,"Option 6, Option 7, Option 8",30-39ปี,ชาย,มีแฟนแต่ยังไม่แต่งงาน,อื่นๆ,Other,1
6/27/2024 15:12:11,เคย,เป็นน้องชาย,แมวไทย ,Purino neo ,5,4,5,4,4,มีผล,ภาพแมวจริง หรือแมวสมจริง (AI),4,5,5,5,4,4,5,5,King cat มีรูปแมวบนถุง ,,3,4,3,3,3,4,4,4,4,4,4,4,4,4,4,5,4,5,5,5,3,3,3,3,3,2,2,2,2,2,2,2,2,2,2,3,3,3,3,3,3,3,3,3,3,2,2,2,2,2,"Option 2, Option 3, Option 4",20-29ปี,หญิง,โสด ไม่มีแฟน,พันธุ์ไทย/ผสม,Other,0
6/27/2024 15:14:39,เคย,เป็นเพื่อนยามเหงา,แมวบ้าน,วิสกัส,4,5,5,5,5,มีผล,ได้ทั้งสองแบบ หากถูกใจ,3,3,4,4,5,5,5,5,วิสกัส,,2,2,2,2,2,3,3,3,3,3,3,3,3,3,3,1,1,2,2,2,3,3,3,3,3,3,3,3,3,3,4,3,2,3,2,2,2,3,3,2,2,3,3,3,2,5,5,4,5,4,"Option 8, Option 9, Option 10",40-49ปี,อื่นๆ,หย่าร้าง/เป็นม่าย,พันธุ์ไทย/ผสม,Whiskas,0
6/27/2024 15:26:50,เคย,เลี้ยงเหมือนลูก,แรคดอล มัชกิ้น,buzz,4,4,5,3,4,มีผล,ได้ทั้งสองแบบ หากถูกใจ,4,4,4,4,3,3,4,4,buzz beyond ภาพสวย สีสวย,,3,3,3,3,2,3,3,3,3,3,4,4,4,4,4,3,3,3,3,3,3,3,3,3,3,3,4,3,3,3,4,4,4,3,3,3,3,3,3,3,3,3,3,3,3,3,3,3,3,3,"Option 3, Option 6, Option 7",30-39ปี,หญิง,แต่งงานแล้ว,อื่นๆ,Other,0
6/27/2024 15:38:12,เคย,เหมือนพี่น้อง คนในครอบครัว,แมวไทย อดีตแมวจร,purino neo,5,4,5,3,5,มีผล,ได้ทั้งสองแบบ หากถูกใจ,5,4,5,5,5,5,5,5,king cat,,3,3,3,3,3,5,5,5,5,5,5,5,5,5,5,5,5,5,5,5,4,4,4,4,4,4,4,3,3,3,4,4,3,4,4,5,4,5,5,4,3,3,3,3,3,3,3,3,3,3,"Option 2, Option 3, Option 4",30-39ปี,หญิง,โสด ไม่มีแฟน,พันธุ์ไทย/ผสม,Other,1
6/27/2024 15:41:03,เคย,ลูกหรือเจ้านายไม่แน่ใจ,จร,"เยอะมากเลยอะค่ะ เช่น buzz netura, cheershare, ostech, bite of wild etc.",5,2,4,2,3,มีผล,ได้ทั้งสองแบบ หากถูกใจ,3,2,4,5,4,5,3,3,buzz netura ก็น่ารักดีค่ะ / ถ้าเป็นอาหารเปียกชอบยี่ห้อ cat's taste ,อยากได้ให้คลีนๆ อ่านง่ายไม่รก โดยเฉพาะตรงวัตถุดิบทั้งหมดและสารอาหาร อยากให้พิมพ์ใหญ่ๆ และละเอียด เพราะจะอ่านตรงนี้มากที่สุด พวกคำโฆษณาอะไรไม่ได้สนใจเลย บางแบรนด์ที่พิมพ์ตัวเล็กหรือไม่ละเอียดจะไม่อยากซื้อเลยค่ะ // ถุงขอแบบซิปล็อคดีๆ ใช้งานง่ายๆ ค่ะ,3,4,2,2,2,3,4,3,4,3,3,4,3,3,3,4,4,3,3,3,4,4,4,3,4,3,4,3,3,3,4,4,4,3,3,3,4,3,3,3,2,2,3,3,2,2,4,3,3,3,"Option 4, Option 5, Option 7",30-39ปี,หญิง,แต่งงานแล้ว,พันธุ์ไทย/ผสม,Other,0
6/27/2024 15:51:54,เคย,เป็นลูก เป็นเพื่อน,ไทย,คิงแคท ,3,5,4,4,5,มีผล,ภาพแมวจริง หรือแมวสมจริง (AI),4,5,3,3,3,5,5,4,Taste of the wild รูปชัดมาก และตัวอักษรสะดุดตา,คำพูดน่ารักๆ,3,4,3,3,3,3,4,3,3,3,4,4,4,4,4,4,4,3,4,3,3,3,3,3,3,2,2,2,2,2,2,2,2,2,2,5,5,4,4,4,2,2,2,2,2,1,1,1,1,1,"Option 3, Option 4, Option 8",30-39ปี,หญิง,มีแฟนแต่ยังไม่แต่งงาน,พันธุ์ไทย/ผสม,Other,0
6/27/2024 15:52:11,เคย,เป็นเหมือนครอบครัว,แมวจร,Purino neo,5,3,3,3,4,มีผล,ได้ทั้งสองแบบ หากถูกใจ,5,4,5,5,4,3,5,4,Purino Neo เพราะมีบอกส่วนผสมด้านหน้าและคุณสมบัติในรายละเอียด (แมวที่เลี้ยงไม่กินไก่),คุณสมบัติพิเศษเช่น ขับก้อนขน,3,3,3,3,3,3,3,4,3,3,4,4,4,3,4,3,3,4,3,3,3,3,4,3,3,4,5,5,3,4,3,3,3,3,3,3,3,4,3,3,3,4,4,3,3,3,3,3,3,3,"Option 2, Option 3, Option 6",30-39ปี,หญิง,โสด ไม่มีแฟน,พันธุ์ไทย/ผสม,Other,1
6/27/2024 16:02:01,เคย,ลูก + เพื่อน,Ragdoll British Scottish Munchkin ,"King cat, Proplan, Projen, Real power, Instinct ",5,1,5,1,1,มีผล,ได้ทั้งสองแบบ หากถูกใจ,5,3,5,5,5,5,5,1,Buzz Netura,.,2,3,3,3,2,4,4,4,3,4,4,4,4,4,4,5,5,5,5,5,3,3,3,3,3,4,4,4,4,4,5,5,5,5,5,3,3,3,3,3,4,4,4,4,4,3,3,3,3,3,"Option 3, Option 4, Option 7",30-39ปี,หญิง,แต่งงานแล้ว,บริติช ช็อตแฮร์,Other,1
6/27/2024 16:02:54,เคย,เป็นทุกอย่างค่ะ,Scottish fold,สลับกินเกือบทุกแบรนด์ที่เป็น holistic ค่ะ,5,3,2,3,3,ไม่มีผล,ได้ทั้งสองแบบ หากถูกใจ,3,3,4,3,5,4,3,3,ส่วนใหญ่ดูที่ส่วนผสมเป็นหลักมากกว่าค่ะ แต่ถ้าชอบดีไซน์ส่วนตัว taste of the wild,แพคเกจย่อยสลายได้ มีส่วนผสมที่ชัดเจน ,3,3,3,3,3,3,3,3,3,3,4,4,3,3,3,4,4,3,3,3,3,3,3,3,3,4,4,3,3,3,3,4,3,3,3,4,4,3,3,3,3,3,3,3,3,2,3,3,3,3,"Option 3, Option 4, Option 7",30-39ปี,หญิง,แต่งงานแล้ว,สก๊อตติช โฟลด์,Other,1
6/27/2024 16:13:08,เคย,เป็นเพื่อน,ไทย,Kingcat,5,4,5,4,5,มีผล,ภาพแมวจริง หรือแมวสมจริง (AI),4,4,5,5,4,4,4,4,Buzz,ราคา ,3,4,3,3,3,4,4,3,4,4,3,3,3,4,3,2,2,2,2,2,3,3,3,3,3,3,4,4,4,3,4,4,4,3,4,3,3,3,3,3,4,3,3,4,4,2,2,2,2,2,"Option 2, Option 7, Option 9",40-49ปี,หญิง,แต่งงานแล้ว,พันธุ์ไทย/ผสม,Other,0
6/27/2024 16:17:10,เคย,เป็นครอบครัว,ไทย (จร),"you-o gold, king cat, purino neo, buzz, neez, all well",4,3,5,2,5,มีผล,ได้ทั้งสองแบบ หากถูกใจ,3,2,5,5,3,1,4,3,whiskas สีโดเด่นไม่ซ้ำยี่ห้ออื่น,ลอตเตอรี่ลุ้นรางวัล,4,1,3,1,3,4,3,3,1,3,4,3,3,3,3,4,3,3,3,3,3,3,3,3,2,3,2,2,3,1,3,4,3,3,3,4,4,3,3,3,4,4,3,3,3,1,3,3,3,1,"Option 2, Option 3, Option 8",30-39ปี,ชาย,มีแฟนแต่ยังไม่แต่งงาน,พันธุ์ไทย/ผสม,Other,0
6/27/2024 16:20:07,เคย,เป็นทั้งลูกและเพื่อนที่ฉลาด มีไหวพริบ,พันธุ์ทาง,Whiskas ,4,4,5,3,4,มีผล,ได้ทั้งสองแบบ หากถูกใจ,4,4,4,4,3,3,4,2,Whiskas,,2,4,3,3,2,2,4,3,2,2,4,4,4,3,4,2,4,3,2,2,2,2,2,3,2,3,4,4,3,3,2,2,3,2,3,4,4,4,3,4,2,2,2,3,2,2,4,2,2,2,"Option 3, Option 6, Option 8",30-39ปี,หญิง,โสด ไม่มีแฟน,อื่นๆ,Whiskas,0
6/27/2024 16:25:56,เคย,ลูก,วิเชียรมาศ,Projen,5,3,4,3,3,ไม่มีผล,ได้ทั้งสองแบบ หากถูกใจ,3,1,1,5,1,3,3,2,Projen เพราะมองอยู่แบรนด์เดียว,,2,2,1,2,1,1,1,1,1,1,1,1,1,1,1,1,1,1,1,1,1,1,1,1,1,1,1,1,1,1,1,1,1,1,1,3,4,4,3,4,2,1,1,2,2,2,2,2,2,2,"Option 7, Option 8, Option 10",20-29ปี,หญิง,มีแฟนแต่ยังไม่แต่งงาน,อื่นๆ,Other,0
6/27/2024 16:34:57,เคย,แมว = ลูก,แมวไทยเก็บมาเลี้ยงเป็นลูก,"Wellnsss core, king cat",5,3,5,3,3,ไม่มีผล,ได้ทั้งสองแบบ หากถูกใจ,1,1,4,4,3,2,4,2,Projen สีของแต่ละสูตรแยกชัด ไม่รกตา ไม่ทำออกมาให้ดูน่ารักเว่อแบบบางแบรนด์ที่แพ็คเกจน่ารักพรีเมี่ยม แต่วัตถุดิบแย่ไม่ดีต่อสุบภาพแมว,ตรา AAFCO และ % ของโปรตีน ไขมัน และไฟเบอร์ ส่วนผสมตัวโปรตีนหลักพร้อม %,1,1,1,1,1,1,1,1,1,1,1,1,1,1,1,1,1,1,1,1,1,1,1,1,1,4,4,4,4,4,1,1,1,1,1,1,1,1,1,1,1,1,1,1,1,4,4,4,4,4,"Option 6, Option 9, Option 10",30-39ปี,หญิง,แต่งงานแล้ว,พันธุ์ไทย/ผสม,Other,1
6/27/2024 17:21:09,เคย,เป็นเพื่อนที่แวะมาเที่ยวบ้าน,แมวจร,แคทิว่า,4,4,4,4,4,มีผล,ภาพแมวจริง หรือแมวสมจริง (AI),4,4,4,4,4,4,4,4,คิงแคท,,2,3,2,2,2,2,3,3,3,2,4,3,3,3,3,3,3,3,3,3,2,3,3,3,3,3,3,3,4,2,2,3,3,3,2,2,3,2,2,2,2,3,3,3,2,3,4,3,2,2,"Option 3, Option 6, Option 8",40-49ปี,หญิง,แต่งงานแล้ว,พันธุ์ไทย/ผสม,Other,0
6/27/2024 17:24:52,เคย,เหมือนลูกคนสำคัญคนหนึ่ง เป็นสมาชิกที่ทุกคนในบ้านรัก,สก็อตติชโฟลด์,King cat,3,3,4,4,5,ไม่มีผล,ภาพแมวจริง หรือแมวสมจริง (AI),4,4,2,4,3,2,4,5,Kinng Cat / Kativa เพราะเป็นแบรนด์ที่มีชื่อเสียง แมวกินอร่อย น้ำหนักขึ้น อึเป็นก้อน,-,2,3,2,2,3,4,3,4,4,4,4,4,3,4,4,1,3,2,2,2,3,4,4,4,2,3,4,2,2,4,3,3,4,2,4,3,3,3,3,3,3,2,4,4,2,3,3,4,3,4,"Option 3, Option 6, Option 9",20-29ปี,หญิง,โสด ไม่มีแฟน,อื่นๆ,Other,0
6/27/2024 17:30:49,เคย,เหมือนลูก เหมือนเพื่อน,สก็อตติส ผสม เปอร์เซีย,Kativa,3,3,3,3,5,ไม่มีผล,ได้ทั้งสองแบบ หากถูกใจ,5,3,5,3,5,5,5,4,King Cat // Kativa,,3,3,3,2,2,3,3,3,3,2,4,4,3,3,4,4,4,3,3,4,3,3,3,3,2,3,3,3,3,2,3,3,3,3,2,4,4,4,3,4,2,2,2,2,2,1,1,1,1,1,"Option 3, Option 4, Option 8",30-39ปี,หญิง,โสด ไม่มีแฟน,เปอร์เซีย,Other,0
6/27/2024 17:34:01,เคย,เป็นเหมือนคนในครอบครัว,แมวจรจัด ไม่ทราบพันธุ์,Felina Canino VIF ,5,4,3,3,4,มีผล,ได้ทั้งสองแบบ หากถูกใจ,4,4,5,4,4,4,4,3,Felina Canino VIF เพราะรูปบนซองน่ารัก สีสันสวย,ทูน่า,2,2,2,2,2,5,4,3,3,3,5,5,5,4,4,4,4,3,3,3,4,5,3,3,3,4,5,4,3,3,5,5,5,5,5,5,5,4,4,4,5,5,4,5,5,3,4,3,3,2,"Option 3, Option 7, Option 9",20-29ปี,อื่นๆ,มีแฟนแต่ยังไม่แต่งงาน,พันธุ์ไทย/ผสม,Royal Canin,1
6/27/2024 17:37:26,เคย,เป้นสมาชิกในครอบครัว,American shorthair / british shorthair,Solid gold,5,4,5,4,5,มีผล,ภาพการ์ตูน หรือลายเส้น,5,4,5,5,4,5,5,3,Buzz holistic เป็นการ์ตูนน่ารัก,,3,4,3,3,3,3,3,3,3,3,4,4,3,3,4,3,4,3,3,3,3,3,3,3,3,3,4,3,3,3,4,4,3,3,4,4,4,4,3,4,3,3,3,3,3,2,4,2,2,2,"Option 1, Option 2, Option 8",30-39ปี,หญิง,มีแฟนแต่ยังไม่แต่งงาน,บริติช ช็อตแฮร์,Other,0
6/27/2024 17:44:49,เคย,เป็นอีกหนึ่งเมมเบอร์ในครอบครัว ที่อยากเจอทุกๆวัน,แมวพันธุ์ไทย น้องเป็นแมวจรเก็บมาเลี้ยงค่ะ,"You-O, Whiskas",5,4,5,4,5,มีผล,ภาพแมวจริง หรือแมวสมจริง (AI),5,5,5,3,3,3,5,5,Firskies สีสันสดใสและโลโก้สะดุดตาจำง่าย,ไม่มี,5,5,4,4,3,5,5,3,4,3,5,5,5,5,5,5,5,5,5,5,4,4,3,3,3,3,3,3,3,3,4,4,4,3,3,4,4,3,2,3,3,3,3,3,3,3,3,3,3,3,"Option 1, Option 3, Option 4",30-39ปี,หญิง,โสด ไม่มีแฟน,พันธุ์ไทย/ผสม,Whiskas,0
6/27/2024 20:30:53,เคย,เป็นเหมือนลูกของเรา,ไทย,Monchou,5,1,5,1,1,มีผล,ได้ทั้งสองแบบ หากถูกใจ,5,1,5,5,5,1,5,1,แคทิว่า เพราะชอบฟังเดอะโกสต์,รายละเอียดอาหารให้เหมือนรายละเอียดอาหารคน บางทีบอกไม่เค็ม แต่ไม่บอกปริมาณโซเดียม ทำให้ไม่สามารถรู้ได้ว่าไม่เค็มแบบใดห์,3,3,3,3,3,3,3,3,3,3,4,4,4,3,4,3,3,3,3,3,3,3,3,3,3,3,4,3,4,3,3,4,4,4,3,3,3,3,3,3,3,3,3,3,3,3,3,3,3,3,"Option 1, Option 3, Option 7",20-29ปี,ชาย,โสด ไม่มีแฟน,พันธุ์ไทย/ผสม,Other,0
6/27/2024 21:48:55,เคย,เหมือนลูกของเรา,ไทย,King cat,5,2,5,3,5,มีผล,ภาพแมวจริง หรือแมวสมจริง (AI),5,4,3,5,5,4,4,4,King cat เพราะแมวชอบกินไม่เบื่อ และมี ฟังก์ชันช่วยเรื่องไตของแมว,ของแถมที่คล้ายๆกล่องสุ่ม ได้ลุ้นว่าจะเจออะไร,3,4,2,4,3,2,3,4,2,2,4,4,4,4,3,3,4,3,4,2,2,3,3,3,2,4,5,4,4,4,2,5,2,3,3,4,5,4,4,4,3,3,2,2,2,2,2,3,2,2,"Option 1, Option 6, Option 8",40-49ปี,ชาย,มีแฟนแต่ยังไม่แต่งงาน,พันธุ์ไทย/ผสม,Other,1
6/28/2024 0:32:50,เคย,ลูก,แมวพันธ์ไทย + พันธ์ไทยผสมเปอร์เซีย,อาหารแมว friskies,5,4,4,3,4,ไม่มีผล,ภาพแมวจริง หรือแมวสมจริง (AI),3,3,3,5,4,3,4,5,อาหารแมว friskies // สีบรรจุภัณฑสดใส,รูปลักษณะเม็ดที่ชัดเจน ,4,4,3,3,3,4,4,3,3,3,4,4,4,4,4,4,4,3,3,3,3,3,3,3,3,2,4,3,3,3,3,4,3,3,3,3,3,3,3,3,3,3,3,3,3,3,3,3,3,3,"Option 2, Option 3, Option 4",20-29ปี,หญิง,มีแฟนแต่ยังไม่แต่งงาน,พันธุ์ไทย/ผสม,Other,0
6/28/2024 9:32:59,เคย,เป็นสัตว์เลี้ยงแสนรัก,สก๊อตติช,เชียร์แชร์,3,3,4,3,4,ไม่มีผล,ได้ทั้งสองแบบ หากถูกใจ,3,2,5,3,3,3,4,4,วิสกัส มันจดจำได้โดดเด่นจากสี ci และแมวพันธุ์นั้น ลายนั้นบนถุงวิสกัส ที่พอเห็นตัวจริง ก็จะเรียกว่าแมววิสกัส,อยากให้เพิ่มพื้นที่สีใสๆ ให้มองเห็นข้างในจริงๆ,2,2,2,2,2,3,3,3,3,3,3,3,3,3,4,3,4,3,3,4,4,3,4,4,3,3,3,3,3,3,3,3,3,3,3,3,3,3,3,3,3,3,3,4,3,3,4,3,3,3,"Option 3, Option 5, Option 9",20-29ปี,หญิง,มีแฟนแต่ยังไม่แต่งงาน,สก๊อตติช โฟลด์,Other,0
6/28/2024 10:30:32,เคย,เป็นลูก,เก็บมาเลี้ยง,พูริโน่นีโอ,5,3,5,3,3,ไม่มีผล,ภาพแมวจริง หรือแมวสมจริง (AI),3,3,3,3,5,3,4,4,พูริโน่่่นีโอ,-,5,5,5,5,5,5,5,5,5,5,5,5,5,5,5,5,5,5,5,5,3,3,3,3,3,3,3,3,3,3,3,3,3,3,3,3,3,3,3,3,3,3,3,3,3,3,3,3,3,3,"Option 1, Option 2, Option 3",40-49ปี,หญิง,โสด ไม่มีแฟน,อื่นๆ,Other,0
6/28/2024 11:12:40,เคย,เป็นเหมือนลูก,เปอร์เซีย,Perfecta,5,2,3,1,3,ไม่มีผล,ภาพแมวจริง หรือแมวสมจริง (AI),5,3,5,5,4,5,5,4,king cat โลโก้จดจำง่าย,ที่ตักอาหาร,2,4,1,1,1,2,4,1,2,1,2,5,3,3,3,2,5,3,3,3,1,4,2,2,1,3,4,3,3,3,2,5,1,2,1,3,5,3,3,3,2,5,2,2,1,3,4,4,3,3,"Option 3, Option 6, Option 10",30-39ปี,หญิง,แต่งงานแล้ว,เปอร์เซีย,Other,0
6/28/2024 11:20:13,เคย,เป็นลูกของเรา,แมวไทยบ้านๆ,พูริโน่,5,3,5,3,4,ไม่มีผล,ภาพแมวจริง หรือแมวสมจริง (AI),3,4,3,2,3,2,4,3,"คิงแคทส์ , คาร์นิว่า",ที่เปิดทึ่สะดวกและไม่ยุ่งยาก,4,4,4,4,4,3,4,3,2,2,3,3,3,2,2,3,3,3,2,2,2,2,2,2,2,3,3,3,3,2,3,3,3,3,2,4,4,3,3,3,3,3,2,2,2,4,5,4,4,4,"Option 1, Option 8, Option 10",50ปี ขึ้นไป,หญิง,โสด ไม่มีแฟน,พันธุ์ไทย/ผสม,Other,0
6/28/2024 11:28:50,เคย,เป็นเหมือนสมาชิกหนึ่งในบ้าน,"หิมารยัน, หิมารยันผสม",Kativa,5,3,5,2,3,มีผล,ภาพแมวจริง หรือแมวสมจริง (AI),4,4,5,5,4,4,5,4,King Cat,คุณค่าทางอาหาร/ สื่อถึงสุขภาพที่ดีหากกินอาหารชนิดนั้น /รสชาติอาหารทำจากวัตถุดิบใดระบุ ให้ชัดเจน,2,2,1,1,1,3,3,2,2,2,3,4,3,3,2,3,3,3,3,3,3,3,3,3,3,2,2,2,2,2,3,3,3,3,3,3,3,3,3,3,4,4,3,3,2,3,5,4,3,2,"Option 3, Option 5, Option 9",40-49ปี,หญิง,แต่งงานแล้ว,อื่นๆ,Other,0
6/28/2024 11:52:36,เคย,สัตว์เลี้ยงในบ้าน,ไทยแท้ (แมวจร),Wishkas,4,3,4,3,3,มีผล,ภาพแมวจริง หรือแมวสมจริง (AI),4,4,5,5,4,5,5,3,Wishkas เห็นบ่อย,ของเล่นแมว,4,4,4,4,4,4,4,4,4,4,4,4,4,4,4,4,4,4,4,4,4,4,4,4,4,4,4,4,4,4,4,4,4,4,4,4,4,4,4,4,4,4,4,4,4,3,4,4,4,4,"Option 1, Option 2, Option 6",40-49ปี,ชาย,แต่งงานแล้ว,พันธุ์ไทย/ผสม,Other,1
6/28/2024 11:58:25,เคย,เป็นเพื่อนเล่นคลายเครียด จับๆลูบๆแล้วฮีลใจ ,พันธุ์ผสม หิมาลายัน+ไทย,Kativa,5,2,3,2,4,มีผล,ได้ทั้งสองแบบ หากถูกใจ,3,3,3,4,3,3,4,3,Kativa รูปแมวน่ารักดี,อยากให้แบ่งเป็นห่อเล็กๆในถุงอย่างเช่นถุง 10 โลข้างในอาจจะแบ่งเป็นถุงๆละโล,3,3,3,2,3,4,3,3,3,4,4,3,3,3,4,3,4,3,3,3,4,4,3,3,4,3,4,3,3,3,3,3,3,3,3,3,3,3,3,3,3,3,3,3,3,3,3,3,3,3,"Option 2, Option 3, Option 5",40-49ปี,หญิง,โสด ไม่มีแฟน,พันธุ์ไทย/ผสม,Other,0
6/28/2024 12:32:49,เคย,เพื่อนคลายเหงา,เปอร์เซีย,Will,4,4,4,4,4,มีผล,ได้ทั้งสองแบบ หากถูกใจ,4,4,5,5,4,5,5,4,แคทิวา,,3,3,3,3,3,4,3,3,4,4,4,4,3,4,3,2,2,2,2,2,3,2,2,3,2,3,3,3,3,3,3,3,3,3,3,2,2,2,2,2,3,3,3,3,3,2,3,2,2,2,"Option 1, Option 2, Option 3",20-29ปี,ชาย,แต่งงานแล้ว,เปอร์เซีย,Other,0
6/28/2024 13:45:31,เคย,ปกติชอบเลี้ยงสุนัขครับ ส่วนแมว ลูกๆชอบครับผม,ลูกครึ่งเปอร์เซีย,คิงแคท,4,3,3,3,4,มีผล,ได้ทั้งสองแบบ หากถูกใจ,3,3,3,4,5,5,5,3,วิสกัส โฆษณาโปรโมทแทบในทุกสื่อ,ซิบล็อค,3,3,3,3,3,3,3,3,3,3,3,4,3,3,4,3,3,3,3,3,3,3,3,3,3,3,3,3,3,3,3,3,3,3,3,3,3,3,3,3,3,3,3,3,3,3,3,3,3,3,"Option 3, Option 6, Option 8",50ปี ขึ้นไป,ชาย,แต่งงานแล้ว,เปอร์เซีย,Other,0
6/28/2024 15:42:38,เคย,ราคา,ข้างทาง,You-O,3,3,3,3,3,ไม่มีผล,ได้ทั้งสองแบบ หากถูกใจ,3,3,3,3,3,3,3,3,ใช้เลี้ยงแมวอายุเท่าไร่,ส่วนใหญ่ดูราคา,4,4,3,3,4,4,4,4,3,4,4,4,3,3,3,3,3,3,3,3,4,4,4,4,4,4,3,3,3,4,3,3,3,3,3,4,4,3,3,4,3,3,3,3,3,3,3,3,3,3,"Option 1, Option 2, Option 5",50ปี ขึ้นไป,หญิง,แต่งงานแล้ว,อื่นๆ,Other,1
6/28/2024 16:25:11,เคย,สัตว์เลี้ยง,ไทย,YouO,5,5,5,5,4,มีผล,ได้ทั้งสองแบบ หากถูกใจ,5,5,5,5,5,5,5,5,YouO,,3,3,3,3,3,4,4,4,4,4,5,5,5,5,5,4,4,4,4,4,4,4,4,4,4,5,5,5,5,5,5,5,5,5,5,4,4,4,4,4,3,3,3,3,3,3,3,3,3,3,"Option 3, Option 4, Option 6",50ปี ขึ้นไป,หญิง,โสด ไม่มีแฟน,พันธุ์ไทย/ผสม,Other,1
6/28/2024 16:47:14,เคย,"เพื่อน , เป็นส่วนหนึ่งของครอบครัว",แมวไทย ขาวปลอด,ทั่วไปๆ,5,3,3,3,3,มีผล,ได้ทั้งสองแบบ หากถูกใจ,3,3,3,3,3,3,3,3,รวม ๆไม่เด่น,ไม่มี,4,4,4,3,4,4,4,4,4,4,4,4,4,4,4,4,4,4,4,4,4,4,4,4,4,4,4,4,4,4,4,4,4,4,4,4,4,4,4,4,4,4,4,4,4,4,4,4,4,4,"Option 2, Option 3, Option 6",50ปี ขึ้นไป,ชาย,แต่งงานแล้ว,พันธุ์ไทย/ผสม,Other,1
6/28/2024 16:53:17,เคย,ภาระจำยอม​ ต้องเลี้ยงให้ลูก,Scottish และ​ไทย,king cat.และ​ purino,5,3,4,3,5,มีผล,ได้ทั้งสองแบบ หากถูกใจ,3,3,3,5,5,4,4,3,Wills. รูปแมวหน้าถุงบรรจุสวยและตัวใหญ่เห็นชัด,เนื้อปลาทูน่า​ ปลาแซลมอน,4,4,3,3,3,3,3,3,3,3,4,4,4,4,4,3,3,3,3,3,2,2,2,2,2,2,2,2,2,2,2,2,2,2,2,4,3,4,4,4,2,2,2,2,1,1,1,1,1,1,"Option 1, Option 3, Option 8",50ปี ขึ้นไป,หญิง,แต่งงานแล้ว,พันธุ์ไทย/ผสม,Other,0
6/28/2024 23:36:18,เคย,เพื่อน,สีสวาท,วิสคัส,4,3,3,2,2,ไม่มีผล,ได้ทั้งสองแบบ หากถูกใจ,3,4,4,3,3,3,3,4,-,สัญลักษณ์รับรองคุณภาพ,4,3,4,4,3,4,4,3,4,4,5,5,4,5,4,3,2,2,2,2,2,2,2,2,2,3,4,4,3,3,3,3,3,3,3,3,2,2,2,2,2,2,2,2,3,3,3,3,3,3,"Option 2, Option 3, Option 6",40-49ปี,ชาย,มีแฟนแต่ยังไม่แต่งงาน,อื่นๆ,Other,0
6/30/2024 19:23:39,เคย,เป็นเพื่อนแก้เหงา เบื่อเราก็ทะเลาะกัน,ไทย-ดำ,วิสกัส ภูริโน,5,4,5,3,4,มีผล,ได้ทั้งสองแบบ หากถูกใจ,4,5,5,5,5,3,3,5,วิสกัส  คุ้นเคย ใช้มานาน ของดีมาก,แถมของเล่นให้น้อง“แมว“,5,5,5,5,5,3,3,2,2,2,4,5,3,5,5,4,4,4,4,4,2,2,2,2,2,5,5,5,5,5,3,3,3,3,3,4,4,4,4,4,2,2,2,2,2,4,4,4,4,4,"Option 1, Option 3, Option 4",50ปี ขึ้นไป,หญิง,แต่งงานแล้ว,พันธุ์ไทย/ผสม,Whiskas,1
7/1/2024 5:34:50,เคย,เป็นเหมือนลูก,พื้นเมือง,ยูโอ,3,3,4,3,3,ไม่มีผล,ภาพแมวจริง หรือแมวสมจริง (AI),4,4,4,4,4,4,4,4,ยูโอ,,3,3,3,3,3,4,4,3,4,4,4,4,4,4,4,4,4,4,4,4,4,4,4,4,4,4,4,4,4,4,4,4,4,4,4,4,4,4,4,4,4,4,4,4,4,3,3,3,3,3,"Option 1, Option 5, Option 7",50ปี ขึ้นไป,หญิง,แต่งงานแล้ว,อื่นๆ,Other,1
7/12/2024 0:40:39,เคย,เพื่อนรัก,พันธุ์ไทย เก็บมาเลี้ยง,Pramy,4,3,5,2,3,มีผล,ได้ทั้งสองแบบ หากถูกใจ,3,3,4,4,4,3,5,3,คิงงแคทส์ พูริโน,เลียแมว,3,3,3,3,4,3,3,3,3,3,3,3,3,3,3,3,3,3,3,3,4,4,3,4,4,4,5,3,3,3,4,4,3,3,3,1,1,1,1,1,4,4,4,4,4,3,3,2,2,2,"Option 1, Option 5, Option 6",30-39ปี,หญิง,โสด ไม่มีแฟน,พันธุ์ไทย/ผสม,Other,1
6/26/2024 14:15:25,เคย,เพื่อน ลูก,จร,คิงส์แคทส์,4,3,4,3,3,มีผล,ได้ทั้งสองแบบ หากถูกใจ,3,3,4,4,4,3,4,4,King cat,,3,4,3,3,3,3,4,3,4,4,4,4,3,4,3,3,3,3,3,3,3,3,3,3,3,4,4,3,3,3,3,3,3,3,3,3,4,3,3,3,3,3,3,3,3,2,3,3,2,3,"Option 3, Option 6, Option 8",30-39ปี,ชาย,มีแฟนแต่ยังไม่แต่งงาน,พันธุ์ไทย/ผสม,Other,1
6/26/2024 14:17:59,เคย,ลูก,เปอร์เซีย,Katival แบบเม็ด และ pramy แบบเปียก,5,4,5,4,5,ไม่มีผล,ได้ทั้งสองแบบ หากถูกใจ,4,2,5,5,5,5,5,5,Pray,None ,3,5,2,2,2,3,5,2,2,2,4,5,3,3,3,4,5,2,2,3,2,5,2,2,2,3,5,2,2,3,3,4,2,2,2,3,5,2,2,2,2,5,2,2,2,3,3,3,3,3,"Option 3, Option 4, Option 10",20-29ปี,หญิง,แต่งงานแล้ว,เปอร์เซีย,Other,0
6/26/2024 14:18:00,เคย,ความน่ารักใจฟู,ผสม British Shorthair + Scottish fold,King cat,2,2,4,2,4,มีผล,ได้ทั้งสองแบบ หากถูกใจ,4,2,4,2,4,4,5,5,King cat เรียบหรู เข้าใจง่าย,อยากได้แบบกล่องจะได้เก็บได้ดีขึ้นนะ,5,5,3,3,5,5,5,5,5,5,3,3,3,3,3,3,3,3,3,3,3,3,3,3,3,5,5,5,5,5,5,5,5,5,5,5,5,5,5,5,5,5,5,5,5,5,5,5,5,5,"Option 2, Option 9, Option 10",20-29ปี,หญิง,โสด ไม่มีแฟน,บริติช ช็อตแฮร์,Other,1
6/26/2024 14:30:57,เคย,สมาชิกในครอบครัว,พันธุ์ผสม (แมวจร),Projen,5,4,3,5,5,มีผล,ได้ทั้งสองแบบ หากถูกใจ,3,2,5,5,5,4,5,5,Projen เพราะเห็นเลขอัตราส่วนผสมจากธรรมชาติชัดเจอ (ระบุเป็น %),ที่มาของวัตถุดิบ ความยั่งยืนของแหล่งที่มาของวัตถุดิบ,3,3,1,1,1,3,2,1,1,1,3,3,3,4,1,3,3,1,4,1,3,3,3,4,1,3,3,3,3,2,3,4,3,4,1,4,4,3,4,2,3,3,3,3,3,3,3,3,3,3,"Option 7, Option 8, Option 10",20-29ปี,ชาย,มีแฟนแต่ยังไม่แต่งงาน,พันธุ์ไทย/ผสม,Other,0
6/26/2024 14:31:39,เคย,เป็นเหมือนลูก,British Shorthair และ Munchkin,"Cheershare, Projen",5,2,5,2,5,ไม่มีผล,ได้ทั้งสองแบบ หากถูกใจ,3,5,5,5,1,3,5,5,You-O เพราะสีโดดเด่น ติดภาพจำ เห็นบ่อย,สัญลักษณ์ ที่บอก Benefit ให้เข้าใจง่าย ชัดๆ,1,1,1,1,1,1,1,1,1,1,4,4,5,3,4,3,5,3,3,3,1,1,1,1,1,2,2,2,2,2,1,1,1,1,1,1,1,1,1,1,1,1,1,1,1,1,1,1,1,1,"Option 3, Option 4, Option 6",20-29ปี,ชาย,มีแฟนแต่ยังไม่แต่งงาน,บริติช ช็อตแฮร์,Other,0
6/26/2024 14:34:09,เคย,ลูก,"British shorthair , ragdoll",King cat,4,2,5,2,5,มีผล,ได้ทั้งสองแบบ หากถูกใจ,5,2,3,4,2,3,4,4,King cat,,3,4,2,3,4,2,4,2,3,3,5,5,5,5,5,3,3,3,3,3,3,3,3,3,3,2,2,2,2,2,4,4,4,4,4,3,3,3,3,3,3,3,3,3,3,3,3,3,3,3,"Option 3, Option 6, Option 7",20-29ปี,หญิง,แต่งงานแล้ว,บริติช ช็อตแฮร์,Other,0
6/26/2024 14:34:33,เคย,เป็นแมว น่ารัก อมหัว,แมวไทย,แบบชั่งกิโล,3,2,4,1,4,มีผล,ได้ทั้งสองแบบ หากถูกใจ,3,5,5,5,2,4,5,4,วิสกัส สีม่วงเด่น ทำการตลาดดี / MEO สีเหลือง หาซื้อในเซเว่นได้,สูตร ข้อดี ส่วนผสม เห็นชัด อ่านง่าย จบๆ ถ้ามีหลายสูตรก็อยากให้มีตารางเทียบว่าต่างกันยังไงไปเลย ยืนหน้าร้านนานๆ เหนื่อย,1,5,1,1,1,1,5,1,1,1,2,4,1,1,2,3,4,2,3,3,1,5,1,1,1,1,4,1,1,1,1,1,1,1,1,3,3,2,1,3,1,1,1,1,1,1,1,1,1,1,"Option 3, Option 4, Option 8",20-29ปี,หญิง,โสด ไม่มีแฟน,พันธุ์ไทย/ผสม,Other,0
6/26/2024 16:18:59,เคย,Family member,"Thai, Persian, American Short Hair, Exotic Short Hair","King cat, Wills, S-mellow",5,1,3,1,3,ไม่มีผล,ได้ทั้งสองแบบ หากถูกใจ,1,1,5,1,5,5,5,5,เหมือนๆกัน ไม่มีแบรนด์ไหนเด่น,ไม่มี,1,1,1,1,1,1,5,1,1,1,1,5,1,1,1,1,5,1,1,1,1,5,1,1,1,1,5,1,1,1,1,3,1,1,1,1,3,1,1,1,1,3,1,1,1,1,5,1,1,1,"Option 2, Option 3, Option 6",30-39ปี,หญิง,มีแฟนแต่ยังไม่แต่งงาน,เปอร์เซีย,Other,0
6/26/2024 16:19:19,เคย,เจ้านาย,แมวไทย,You-o,3,3,4,3,4,มีผล,ได้ทั้งสองแบบ หากถูกใจ,4,4,4,4,3,4,4,3,You-o ชื่อแบรนชัด คำอธิบายประเพทแมวชัดเจน,Zip lock หรือ ช่องปิดบรรจุภัณ,3,3,3,2,3,4,4,4,3,3,4,4,4,3,4,3,3,3,3,3,3,3,3,3,3,4,4,4,3,3,4,4,4,3,3,4,4,3,3,3,2,3,3,3,3,3,3,3,3,3,"Option 2, Option 3, Option 6",30-39ปี,ชาย,มีแฟนแต่ยังไม่แต่งงาน,พันธุ์ไทย/ผสม,Other,1
6/26/2024 16:27:18,เคย,เปรียบเสมือนคนในครอบครัวของเรา  เป็นเพื่อนเล่น เป็นความสุขของคนในบ้าน,แมวไทย,You-O,3,4,5,4,5,ไม่มีผล,ได้ทั้งสองแบบ หากถูกใจ,4,5,5,3,3,3,5,4,You-O,ของแถม,3,3,4,3,3,4,5,4,3,4,4,5,4,3,5,3,5,3,3,3,4,5,4,3,4,3,5,3,3,2,4,5,5,3,4,3,5,3,3,2,4,5,3,3,3,2,5,2,3,1,"Option 2, Option 3, Option 7",20-29ปี,ชาย,โสด ไม่มีแฟน,พันธุ์ไทย/ผสม,Other,0
6/26/2024 16:51:53,เคย,เป็นสมาชิกในครอบครัว,เปอร์เซีย,Purino,5,4,5,4,5,มีผล,ได้ทั้งสองแบบ หากถูกใจ,5,3,5,5,5,5,5,4,King cat ด้วยชื่อแบรนด์ที่ได้ยินบ่อยและคุณภาพ เป็นแบรนด์แรกที่นึกถึงและให้แมวกินตั้งแต่เริ่มเลี้ยงแมว ตอน kitten,วิตามินเสริม ในปริมาณที่เหมาะสมกับการเทให้สัตว์เลี่ยงแต่ละมื้อ,4,4,3,3,3,3,2,3,2,2,4,3,3,4,3,2,3,2,2,2,3,2,2,2,2,3,3,3,2,2,3,3,3,2,2,2,2,2,2,2,2,2,2,2,2,2,2,2,2,2,"Option 1, Option 3, Option 6",20-29ปี,หญิง,โสด ไม่มีแฟน,เปอร์เซีย,Other,0
6/26/2024 17:07:22,เคย,สมาชิกครอบครัว,Shorthair,King cat,3,3,4,3,3,มีผล,ได้ทั้งสองแบบ หากถูกใจ,3,3,3,3,4,4,5,2,Wiskus,Ziplock,2,4,4,3,2,4,5,4,3,2,2,4,2,2,2,2,3,3,3,2,2,2,3,3,2,4,4,3,3,3,4,3,4,3,3,4,4,4,3,2,4,4,3,2,2,4,4,3,2,2,"Option 1, Option 7, Option 9",50ปี ขึ้นไป,ชาย,แต่งงานแล้ว,อื่นๆ,Other,1
6/26/2024 17:20:27,เคย,สมาชิกในครอบครัว,เมนคูน / อเมริกันช็อตแฮร์ ,โอลิเวอร์ / ฮีโร่แคท,4,2,5,1,2,มีผล,ได้ทั้งสองแบบ หากถูกใจ,1,5,5,5,4,3,5,3,อโวเดิร์ม,ผัก,3,5,2,4,1,3,5,3,2,2,4,5,3,3,1,4,5,3,3,4,4,5,3,3,5,5,5,4,3,5,5,5,3,3,5,4,5,3,3,4,4,3,3,2,5,5,3,3,4,5,"Option 6, Option 7, Option 8",40-49ปี,หญิง,แต่งงานแล้ว,อื่นๆ,Other,1
6/26/2024 17:35:25,เคย,เป็นลูก,สก็อตติช,แคทิวา,5,5,4,5,5,มีผล,ได้ทั้งสองแบบ หากถูกใจ,5,5,5,5,5,5,5,5,ยูโอ,เติมสารอาหาร,4,4,5,4,4,5,5,5,5,5,5,5,5,5,5,5,5,5,5,5,3,5,3,4,2,5,5,5,5,5,5,5,5,5,5,5,5,5,5,5,5,5,5,5,5,2,2,2,2,2,"Option 2, Option 7, Option 9",20-29ปี,หญิง,โสด ไม่มีแฟน,อื่นๆ,Other,1
6/26/2024 17:42:01,เคย,เหมือนลูก,ขาวมณี โกนจา สก็อต+บริติช เมนคูน,แม็กซิม่า,5,3,5,4,4,มีผล,ได้ทั้งสองแบบ หากถูกใจ,4,3,4,3,5,5,5,4,แคทิวา,วิตามินอื่นๆที่ดีต่อแมว,3,3,2,1,1,3,3,3,3,3,4,3,4,5,5,4,4,3,3,3,3,3,3,3,3,4,4,5,4,5,5,5,5,4,4,3,3,3,4,3,3,3,3,3,3,4,4,5,5,4,"Option 3, Option 6, Option 10",30-39ปี,หญิง,มีแฟนแต่ยังไม่แต่งงาน,บริติช ช็อตแฮร์,Other,1
6/26/2024 18:23:30,เคย,เป็นเหมือนสิ่งที่ฮิลใจตัวเอง,scottish fold,Purino Neo,5,4,5,3,5,มีผล,ภาพแมวจริง หรือแมวสมจริง (AI),5,5,3,5,3,5,5,4,Purino Neo เพราะมีภาพแมวชัดเจน มีข้อความบอกส่วนผสม และบอกช่วงอายุน้องแมวที่ทานได้,-,4,5,4,4,4,5,5,4,4,4,4,4,4,4,4,3,5,4,4,3,4,4,4,3,3,3,3,3,3,3,4,4,4,4,4,4,3,3,3,3,4,3,3,3,3,3,4,3,3,4,"Option 1, Option 2, Option 5",30-39ปี,ชาย,โสด ไม่มีแฟน,สก๊อตติช โฟลด์,Other,0
6/26/2024 18:27:38,เคย,เป็นลูก,อเมริกันช็อตแฮร์,แคทิวา,5,5,5,5,4,มีผล,ภาพแมวจริง หรือแมวสมจริง (AI),5,5,5,5,5,5,5,5,แคทิวา เพราะเลี้ยงในบ้าน,,3,3,3,3,3,5,5,5,5,5,5,5,5,5,5,4,4,4,4,4,3,3,3,3,3,3,3,3,3,3,3,3,3,3,3,2,2,2,2,2,3,3,3,3,3,2,2,2,2,2,"Option 1, Option 2, Option 3",30-39ปี,หญิง,มีแฟนแต่ยังไม่แต่งงาน,อื่นๆ,Other,0
6/26/2024 18:29:25,เคย,เหมือนทุกอย่าง,ไทย,Allwell,4,2,5,3,4,มีผล,ได้ทั้งสองแบบ หากถูกใจ,4,3,3,3,3,3,4,3,Buzz แปลก สวยดี,เพิ่มปริมาณ,4,4,3,4,3,3,4,3,3,3,5,5,5,4,5,5,5,4,4,4,4,4,3,4,3,4,5,4,3,3,4,4,4,4,4,4,5,5,4,4,3,4,3,3,3,3,4,4,3,3,"Option 2, Option 6, Option 7",50ปี ขึ้นไป,ชาย,แต่งงานแล้ว,พันธุ์ไทย/ผสม,Other,1
6/26/2024 18:32:59,เคย,เป็นเจ้านายค่ะ,ปอร์เซียผสมไทย,King Cat,3,3,5,3,4,ไม่มีผล,ภาพแมวจริง หรือแมวสมจริง (AI),3,3,3,3,3,3,3,4,King Cat เพราะเป็นแบรนด์พรีเมี่ยม ,,4,4,3,2,2,4,4,3,3,2,4,3,3,3,3,3,3,3,3,3,2,2,2,2,2,2,2,2,2,2,4,4,4,4,4,4,4,3,4,4,2,2,2,2,2,3,4,3,3,2,"Option 2, Option 3, Option 7",30-39ปี,หญิง,โสด ไม่มีแฟน,พันธุ์ไทย/ผสม,Other,0
6/26/2024 18:34:02,เคย,ลูก และคนในครอบครัว,Exotic short hair,King cot,5,3,5,4,5,มีผล,ได้ทั้งสองแบบ หากถูกใจ,4,4,3,4,3,4,5,5,จำไม่ได้,ไม่ทราบ,3,5,4,3,4,3,4,4,3,3,5,5,5,3,4,5,5,5,5,4,3,4,3,4,3,5,5,4,5,4,5,5,4,5,5,4,5,4,4,4,3,4,4,4,3,4,5,4,5,4,"Option 6, Option 7, Option 10",30-39ปี,ชาย,แต่งงานแล้ว,อื่นๆ,Other,1
6/26/2024 18:36:41,เคย,เลี้ยงเป็นลูกเลยค่าา รักมาก ทะนุถนอมสุดๆ,British shorthair  NY25,Kingcat และ Solid gold,4,3,5,3,4,มีผล,ได้ทั้งสองแบบ หากถูกใจ,4,3,4,5,3,2,4,4,Kingcat เพราะเปณ Theme เดียวกันทั้งหมด จำแบรนด์ได้ง่าย และ ระบุชัดเจนว่าเป็นสูตรไหน,ไม่เติมจ้า,3,4,2,3,2,4,4,3,3,3,4,4,3,4,3,3,4,3,3,3,3,4,4,3,3,3,4,3,3,3,3,4,3,3,3,4,4,4,3,4,3,3,3,3,3,4,4,4,4,4,"Option 3, Option 8, Option 10",30-39ปี,หญิง,แต่งงานแล้ว,บริติช ช็อตแฮร์,Other,0
6/26/2024 18:40:21,เคย,เพื่อนที่ดีที่สุด,ไทย,Purino neo,4,4,5,4,4,มีผล,ภาพแมวจริง หรือแมวสมจริง (AI),4,4,4,4,4,4,4,4,Purino neo,ของเล่นแมว,4,4,4,4,4,5,5,5,5,5,4,4,4,4,4,5,5,5,5,5,4,4,4,4,4,5,5,5,5,5,4,4,4,4,4,4,4,4,4,4,5,5,5,5,5,4,4,4,4,4,"Option 1, Option 2, Option 3",30-39ปี,หญิง,หย่าร้าง/เป็นม่าย,พันธุ์ไทย/ผสม,Other,1
6/26/2024 18:42:06,เคย,ลูกรักหักเหลี่ยมโหด,ศุภลักษณ์ และแมวสีสลิดไทย,Friskies และอาหารเปียก,5,4,4,4,4,มีผล,ภาพแมวจริง หรือแมวสมจริง (AI),4,4,5,5,5,5,5,4,Friskies ,การแก้ปัญหาสุขภาพต่างๆ,4,5,4,4,3,3,3,2,3,3,5,5,5,5,5,4,3,3,3,3,3,3,3,3,3,4,4,5,4,4,3,3,3,3,3,3,3,3,3,3,3,3,3,3,3,4,4,5,4,4,"Option 1, Option 3, Option 6",30-39ปี,หญิง,แต่งงานแล้ว,พันธุ์ไทย/ผสม,Other,1
6/26/2024 18:43:58,เคย,เป็นคนในครอบครัว,เปอร์เซีย,Purino neo / Cativa,4,5,5,3,5,ไม่มีผล,ภาพแมวจริง หรือแมวสมจริง (AI),4,3,5,5,3,5,5,4,purino neo ,ตัวหนีบสำหรับหนีบปากถุงอาหารหลังจากแกะแล้ว,3,5,3,2,3,5,5,5,4,5,5,5,5,5,3,2,2,2,2,2,2,2,2,2,2,3,4,3,4,3,3,3,3,3,3,3,3,3,3,3,1,1,1,1,1,1,1,1,1,1,"Option 2, Option 3, Option 6",30-39ปี,ชาย,แต่งงานแล้ว,เปอร์เซีย,Other,0
6/26/2024 18:49:21,เคย,เหมือนลูกหลาน,ไทยบ้าน,ยูโอ,4,2,5,2,3,มีผล,ได้ทั้งสองแบบ หากถูกใจ,4,4,4,4,5,3,4,4,felipro ถุงสีแดง แมวหน้าตาน่ารัก,หน้าแมว ที่เหมาะกับอาหาร ,3,4,3,3,3,4,4,3,4,4,4,4,3,3,4,3,3,3,3,3,3,3,3,3,3,3,3,3,3,3,3,4,4,3,3,3,4,3,3,3,4,4,4,4,4,3,3,3,3,3,"Option 2, Option 3, Option 9",40-49ปี,หญิง,มีแฟนแต่ยังไม่แต่งงาน,พันธุ์ไทย/ผสม,Other,0
6/26/2024 18:50:54,เคย,ลูก,สกอตติช,Purino neo,4,3,4,3,4,มีผล,ภาพแมวจริง หรือแมวสมจริง (AI),4,3,5,4,4,4,4,3,ไม่ได้มองบรรจุภัณเป็นปัจจัยหลัก ดูที่ประโยชน์และสารอาหาร,ไม่มี,3,3,2,3,2,3,4,3,3,3,3,4,4,3,3,3,4,3,3,3,3,4,4,3,3,3,4,4,4,3,3,3,2,3,3,4,4,3,4,3,2,3,2,3,3,2,3,2,3,3,"Option 3, Option 5, Option 8",20-29ปี,ชาย,มีแฟนแต่ยังไม่แต่งงาน,อื่นๆ,Other,0
6/26/2024 18:51:23,เคย,ลูก,เปอร์เซีย,King cat,4,2,4,2,4,มีผล,ภาพแมวจริง หรือแมวสมจริง (AI),5,4,4,5,3,3,3,4,Kativa,,4,5,3,3,4,4,5,3,4,3,4,4,3,3,3,3,4,3,3,3,3,4,3,3,3,4,4,3,3,3,4,4,4,4,4,4,4,3,3,3,4,5,4,4,4,3,3,3,3,3,"Option 1, Option 2, Option 9",30-39ปี,ชาย,แต่งงานแล้ว,เปอร์เซีย,Other,1
6/26/2024 18:55:46,เคย,ครอบครัว,Short hair,King cat,4,2,5,2,5,มีผล,ได้ทั้งสองแบบ หากถูกใจ,5,3,4,3,4,3,3,3,King cat เพราะดู premium สีสันไม่ฉูดฉาด น่าเชื่อถือ,ป้องกันความชื้น เก็บรักษาคุณภาพได้ดี,3,3,3,2,2,3,3,2,2,2,3,4,3,3,3,3,4,3,3,3,2,4,3,2,2,2,2,2,2,2,4,4,4,3,4,3,4,3,3,3,2,2,2,2,2,2,5,3,3,3,"Option 3, Option 7, Option 10",30-39ปี,หญิง,แต่งงานแล้ว,อื่นๆ,Other,0
6/26/2024 18:59:12,เคย,เป็นเหมือนลูก,"สก้อตติช,มัชกิ้น","คิงแคท, แคทิว่า",3,3,4,2,5,มีผล,ได้ทั้งสองแบบ หากถูกใจ,5,5,4,3,2,2,4,4,Buzz อาหารแมว น่ารักดีค่ะ เปนลายเส้นวาด,ไม่รู้อะ,4,4,4,3,3,5,5,3,5,5,5,5,5,5,5,5,5,5,5,5,5,5,5,5,5,3,3,3,4,3,4,4,5,3,5,4,4,4,4,4,5,3,3,3,4,2,3,3,3,3,"Option 3, Option 4, Option 5",20-29ปี,หญิง,โสด ไม่มีแฟน,อื่นๆ,Other,0
6/26/2024 19:00:48,เคย,น้องชายสุดที่รัก,"อเมริกันช็อตเเฮร์, ศุภโชค, เบงกอก, โคราช",แคทิว่า,5,5,5,5,5,มีผล,ได้ทั้งสองแบบ หากถูกใจ,5,5,5,5,5,5,5,5,แคทิว่า ลักษณะภาพ สีเเบรนด์,ไม่มี,4,4,4,4,4,3,3,3,3,3,5,5,5,5,5,4,4,4,4,4,4,4,4,4,4,3,3,3,3,3,3,3,3,3,3,4,4,4,4,4,3,3,3,3,3,3,3,3,3,3,"Option 1, Option 3, Option 4",30-39ปี,หญิง,มีแฟนแต่ยังไม่แต่งงาน,อื่นๆ,Other,0
6/26/2024 19:03:00,เคย,ลูกสาว,สก็อตติส โฟลด์,Teste of the wild,5,5,5,5,4,ไม่มีผล,ได้ทั้งสองแบบ หากถูกใจ,2,2,5,5,2,3,5,5,แคทิวา มีรูปแมวหลากหลายพันธุ์ ตัวอ้วนดูสมบูรณ์ สีสันบนห่อสดใส ชัดเจน ภาพพื้นหลังดูสื่อถึงแหล่งวัตถุดิบที่พรีเมียม,เพิ่มภาพชิ้นเนื้อ วัตถุดิบ ใหญ่ๆ ชัดๆ ให้สื่อถึงคุณภาพของวัตถุดิบ,3,5,2,2,2,3,3,2,2,2,5,5,3,3,5,5,5,3,3,4,2,3,2,2,2,3,5,4,3,3,2,3,3,3,3,4,5,3,4,4,3,3,3,4,2,2,2,2,2,2,"Option 3, Option 4, Option 8",20-29ปี,ชาย,มีแฟนแต่ยังไม่แต่งงาน,อื่นๆ,Other,0
6/26/2024 19:06:42,เคย,Best friend ,Scottish ,King catt,5,4,4,4,4,ไม่มีผล,ได้ทั้งสองแบบ หากถูกใจ,5,5,5,5,5,4,4,5,Whiskas,-,4,4,3,2,2,3,5,3,2,3,4,5,5,4,4,2,5,2,2,2,2,5,2,2,2,5,5,5,5,5,3,5,3,3,3,4,5,4,4,4,3,3,3,3,3,2,2,2,2,2,"Option 5, Option 6, Option 7",30-39ปี,ชาย,มีแฟนแต่ยังไม่แต่งงาน,สก๊อตติช โฟลด์,Other,1
6/26/2024 19:10:45,เคย,เป็นเพื่อนเล่นเวลาเหงา,แมวจร,แบบแบ่งขาย,3,4,2,2,3,มีผล,ภาพแมวจริง หรือแมวสมจริง (AI),3,3,3,3,3,3,2,3,วิสกัส,,2,3,2,2,3,3,3,3,3,3,4,4,3,3,4,3,3,2,4,4,4,4,3,2,3,2,3,3,4,3,3,3,4,4,2,2,4,4,4,3,2,2,3,4,4,4,4,3,3,4,"Option 2, Option 3, Option 6",20-29ปี,ชาย,โสด ไม่มีแฟน,พันธุ์ไทย/ผสม,Other,0
6/26/2024 19:29:21,เคย,เป็นเพื่อน เป็นเซฟโซนที่เล่าอะไรให้ฟังก็ได้,แมวไทยค่ะ (แมวจร),"Purino, Betagro, Perfecta",5,3,4,1,4,มีผล,ได้ทั้งสองแบบ หากถูกใจ,5,4,5,3,5,3,5,4,"Canagan, Neez+, Lifemate เพราะดีไซน์ดูแตกต่างจากผลิตภัณฑ์แบรนด์อื่นๆ ตามท้องตลาด มีความ minimal และดู premium",ถุงที่ง่ายต่อการเทและการเก็บรักษา ก็มีส่วนสำคัญในการตัดสินใจซื้อค่ะ,3,3,2,2,2,3,3,3,2,2,4,4,3,3,4,3,4,2,3,2,3,4,4,4,2,4,4,3,4,4,3,4,4,4,2,3,4,3,3,2,3,3,2,3,2,5,5,3,4,4,"Option 3, Option 6, Option 10",20-29ปี,หญิง,โสด ไม่มีแฟน,พันธุ์ไทย/ผสม,Other,1
6/26/2024 19:30:22,เคย,สิ่งที่ช่วยฮีลใจและให้ความสุข,แมวจรจัด คิดว่าพันธ์ผสม,แคทิวา คิงแคท,3,3,4,2,3,ไม่มีผล,ได้ทั้งสองแบบ หากถูกใจ,3,3,3,3,3,3,3,3,วิสกัส,ไม่มี,3,4,3,4,4,4,5,4,4,4,3,4,4,4,3,2,4,2,2,2,2,4,2,2,2,2,4,3,2,2,2,3,4,3,2,3,3,3,3,2,3,3,3,3,2,2,2,2,2,2,"Option 1, Option 2, Option 3",20-29ปี,หญิง,มีแฟนแต่ยังไม่แต่งงาน,พันธุ์ไทย/ผสม,Other,0
6/26/2024 19:32:07,เคย,เหมือนเป็นเพื่อนเป็นลูกคนหนึ่งเลย คอยอยู่กับเราตลอดเวลาเศร้าเวลาเหงา เวลาดีใจ เป็นที่คอยรับฟังเราระบายเรื่องต่างๆได้ดีมากๆ ,เปอร์เซีย,Buzz,4,4,4,3,5,มีผล,ได้ทั้งสองแบบ หากถูกใจ,5,4,4,4,3,2,5,4,Buzz เพราะเป็นลายการ์ตูนน่ารักมาก,เพิ่มหน้าแมวตัวเอง,3,4,2,3,2,3,4,3,3,3,4,4,3,3,4,4,4,3,3,3,3,3,3,3,3,3,2,4,4,3,5,5,4,4,5,5,5,4,4,4,3,3,3,3,3,2,2,2,2,2,"Option 6, Option 7, Option 8",20-29ปี,หญิง,โสด ไม่มีแฟน,เปอร์เซีย,Other,0
6/26/2024 19:32:41,เคย,สมาชิกในครอบครัว,เปอร์เซีย,คิงแคท,4,4,4,3,4,มีผล,ได้ทั้งสองแบบ หากถูกใจ,4,4,4,4,4,3,5,5,คิงแคท เนื่องจากมีความเป็นยูนีค มีแพทเทิร์นที่ต่อให้เป็นสีหรือคนละสูตรก็รู้ว่านี่คือของยี่ห้อนี้,,2,2,2,2,2,2,2,2,2,2,4,4,3,3,4,3,3,3,3,3,3,3,3,3,3,5,5,3,3,4,4,4,3,3,4,4,5,3,3,4,2,2,2,2,2,2,4,2,2,2,"Option 6, Option 7, Option 8",30-39ปี,หญิง,โสด ไม่มีแฟน,เปอร์เซีย,Other,1
6/26/2024 19:33:19,เคย,เลี้ยงเกมืลูกเลย รักที่สุด,แมวส้มสลิดกับวิเชียรฮิมาลายัน,King Cat,4,4,4,4,5,มีผล,ได้ทั้งสองแบบ หากถูกใจ,4,3,4,4,3,4,5,5,King Cat,,2,2,2,2,2,3,3,3,3,3,5,5,5,4,5,5,5,4,4,5,3,3,3,3,3,2,2,2,2,2,2,2,2,2,2,2,2,2,2,2,2,2,2,2,2,2,2,2,2,2,"Option 3, Option 4, Option 5",30-39ปี,หญิง,มีแฟนแต่ยังไม่แต่งงาน,พันธุ์ไทย/ผสม,Other,0
6/26/2024 19:37:21,เคย,เป็นลูก เป็นที่คลายเครียด เวลาเหนื่อยๆ มากอดแมวแล้วหายเหนื่อย ฟูลฟีล,Scottish Fold,Kativa,4,5,3,5,5,มีผล,ได้ทั้งสองแบบ หากถูกใจ,5,5,5,5,3,5,5,5,Taste of the Wild,"เรื่องกระดูก ข้อต่อ , ช่วยลดความเครียด ",3,5,2,1,1,4,5,5,3,2,5,5,4,3,5,4,5,3,5,4,5,5,5,5,5,5,5,3,4,4,3,5,5,5,4,3,5,2,2,3,1,2,2,3,1,1,1,1,1,1,"Option 3, Option 5, Option 6",20-29ปี,ชาย,มีแฟนแต่ยังไม่แต่งงาน,สก๊อตติช โฟลด์,Other,1
6/26/2024 19:42:27,เคย,เป็นเหมือนลูกของเรา,พันธุ์ไทย,ฮีโร่แคท,4,3,5,2,3,มีผล,ภาพแมวจริง หรือแมวสมจริง (AI),4,4,5,4,4,4,4,3,ยูโอ ภาพแมวดูสมจริง ดูเรียบง่าย สบายตา,วิธีการดูแลสุขภาพ ของแมว และ บางอาการป่วยที่เจ้าของควรสังเกตุ,3,3,3,3,2,2,2,2,2,2,4,4,4,4,4,3,3,3,3,3,2,2,2,2,2,2,2,2,2,2,2,2,2,2,2,2,2,2,2,2,2,2,2,2,2,2,2,2,2,2,"Option 1, Option 3, Option 8",50ปี ขึ้นไป,หญิง,โสด ไม่มีแฟน,พันธุ์ไทย/ผสม,Other,0
6/26/2024 19:44:22,เคย,เพื่อน,พันธ์ุทาง,Whiskas,4,2,5,2,3,ไม่มีผล,ได้ทั้งสองแบบ หากถูกใจ,2,4,4,4,2,2,5,4,อาหารเปียก Vif เป็นรูปแมวการ์ตูน ไม่เหมือนใคร,แมวชอบอันดับ1,3,4,2,3,3,4,4,3,2,3,5,3,3,4,4,2,2,3,2,2,2,3,3,2,2,4,4,3,3,3,3,4,3,3,3,3,4,3,3,3,3,3,3,3,3,3,3,3,3,3,"Option 3, Option 6, Option 7",30-39ปี,หญิง,แต่งงานแล้ว,อื่นๆ,Whiskas,1
6/26/2024 19:44:42,เคย,ลูกของเรา,สก็อตติช บริทิช,King cat,3,3,4,2,5,มีผล,ภาพแมวจริง หรือแมวสมจริง (AI),4,4,4,3,3,4,3,4,King cat,ปริมาณพลังงานที่ได้รับ,1,1,1,1,1,1,1,1,1,1,3,4,3,3,3,1,1,1,1,1,1,4,2,2,2,1,1,1,1,1,2,4,1,1,1,1,1,1,1,1,1,1,1,1,1,1,1,1,1,1,"Option 3, Option 5, Option 7",30-39ปี,หญิง,มีแฟนแต่ยังไม่แต่งงาน,อื่นๆ,Other,0
6/26/2024 19:45:20,เคย,คนในครอบครัว,พันธ์ุไทย,Kingkat,4,3,5,3,4,ไม่มีผล,ได้ทั้งสองแบบ หากถูกใจ,3,4,4,4,3,3,5,3,วิสกัส,ความเรียลหรือแคกต่าง,4,4,4,4,4,4,4,4,4,4,4,4,4,4,4,4,4,4,4,4,3,3,3,3,3,3,3,3,3,3,3,3,3,3,3,3,3,3,3,3,5,5,5,5,5,3,3,3,3,3,"Option 1, Option 2, Option 4",40-49ปี,หญิง,แต่งงานแล้ว,พันธุ์ไทย/ผสม,Other,0
6/26/2024 19:47:41,เคย,น้องสาว,ไทย,YouO,4,2,2,2,4,มีผล,ได้ทั้งสองแบบ หากถูกใจ,4,3,5,4,1,3,5,1,Regalos เพราะเป็นแมวการ์ตูนตาโต ไม่มีแบรนด์อื่นทำแบบนี้,ถุงอาหารที่สามารถเป็นที่ลับเล็บได้,4,4,2,5,5,3,3,1,1,1,3,4,3,4,5,4,5,3,4,5,2,4,2,2,1,4,5,2,3,4,5,5,3,4,5,5,5,3,3,5,2,4,2,2,1,4,5,4,3,5,"Option 3, Option 7, Option 10",40-49ปี,ชาย,โสด ไม่มีแฟน,พันธุ์ไทย/ผสม,Other,1
6/26/2024 19:56:04,เคย,ลูก,"บริติช ชอทแฮร์ , สก๊อตติช ",Will’s,5,5,5,5,5,มีผล,ภาพแมวจริง หรือแมวสมจริง (AI),5,5,5,5,5,5,5,5,Will’s,"ยอดขายอันดับ1, สัตวแพทย์แนะนำ, ไม่ทำร้ายไต , ดีต่อสุขภาพ",2,5,1,1,1,1,1,1,1,1,5,5,1,5,5,1,5,1,2,1,1,1,1,1,1,4,5,5,2,4,1,1,4,2,2,1,1,1,1,1,1,5,2,2,2,1,1,1,1,1,"Option 2, Option 5, Option 6",40-49ปี,ชาย,แต่งงานแล้ว,บริติช ช็อตแฮร์,Other,1
6/26/2024 20:01:02,เคย,ลูกที่เลิฟฟฟ,พันํ์ไทย,Mekko ,4,5,5,5,5,ไม่มีผล,ได้ทั้งสองแบบ หากถูกใจ,3,3,4,5,3,5,5,5,Mekko เพราะแมวหม่ำเกลี้ยงไม่เหลือ,Probiotic,4,5,4,5,5,5,5,5,5,5,3,3,3,3,3,3,3,4,4,3,4,4,5,5,3,3,3,3,3,3,4,5,5,5,5,3,3,3,3,3,5,5,5,5,5,4,5,5,5,4,"Option 1, Option 2, Option 9",40-49ปี,หญิง,แต่งงานแล้ว,พันธุ์ไทย/ผสม,Other,0
6/26/2024 20:08:11,เคย,เป็นเพื่อนเป็นลูก,แมวจร สีขาวดำ,You-o,3,2,5,2,5,มีผล,ได้ทั้งสองแบบ หากถูกใจ,3,5,4,3,2,3,3,3,cat n joy,รูปแบบสะดวกแมวทาน,3,5,3,3,3,3,5,3,4,3,4,4,5,4,4,3,3,3,3,3,3,3,3,3,3,4,5,4,4,4,3,5,3,3,3,3,3,3,3,3,2,2,2,2,2,2,2,2,2,2,"Option 2, Option 3, Option 6",30-39ปี,ชาย,มีแฟนแต่ยังไม่แต่งงาน,พันธุ์ไทย/ผสม,Other,1
6/26/2024 20:19:06,เคย,เป็นสมาชิกของครอบครัว,แมวบ้าน,Mouchou และ Oliver,5,4,5,4,4,มีผล,ได้ทั้งสองแบบ หากถูกใจ,4,4,5,5,5,4,4,4,King cat เนื่องจากดูง่าย สะอาด ไม่มีสีสันฉูดฉาด ไว้วัสดุที่ดีในการผลิต,ลักษณะของอาหารแมวเม็ดจริง ทำให้มองเห็นได้เด่นชัด,3,3,3,3,3,4,4,4,4,4,3,4,3,3,4,3,3,3,3,3,4,4,3,3,3,5,4,5,4,5,3,3,3,3,4,3,3,3,3,3,3,3,4,4,4,2,3,2,3,2,"Option 2, Option 3, Option 6",30-39ปี,หญิง,มีแฟนแต่ยังไม่แต่งงาน,พันธุ์ไทย/ผสม,Other,1
6/26/2024 20:25:56,เคย,น้องชายคนเล็กที่รักที่สุด,แมวลายสลิด,You-O,3,2,5,3,4,ไม่มีผล,ภาพแมวจริง หรือแมวสมจริง (AI),3,4,4,2,3,2,4,4,You-O เพราะสโลแกนมีแมวยูโอ,ลักษณะเม็ด ปริมาณโซเดียม ,2,2,2,2,2,3,3,2,3,2,5,4,5,5,5,4,4,5,5,4,3,3,5,3,3,4,3,3,4,3,5,4,3,5,3,5,5,5,5,5,3,3,3,3,3,4,3,4,4,4,"Option 3, Option 4, Option 8",20-29ปี,หญิง,โสด ไม่มีแฟน,พันธุ์ไทย/ผสม,Other,1
6/26/2024 20:27:44,เคย,เพื่อน,ไทยเปอร์เซีย,Petheria,4,3,4,3,4,มีผล,ภาพแมวจริง หรือแมวสมจริง (AI),4,4,4,4,3,4,4,4,Purino neo,Qr เพื่อแสกนอ่านส่วนผสมของอาหารเนื่องจากบนบรรจุภัณฑ์อาจจะตัวเล็ดอ่านลำบาก และข้อมูลของผลิตภัณฑ์ต่างๆ,3,4,3,3,3,3,3,3,3,3,4,4,4,4,4,3,3,3,3,3,4,4,4,4,4,3,3,3,3,3,3,3,3,3,3,3,3,3,3,3,3,4,3,3,3,3,3,3,3,3,"Option 3, Option 5, Option 9",40-49ปี,ชาย,มีแฟนแต่ยังไม่แต่งงาน,พันธุ์ไทย/ผสม,Other,0
6/26/2024 20:35:55,เคย,เป็นน้องสาวคนเล็ก ,ไทย,Kativa ,4,3,5,3,4,มีผล,ได้ทั้งสองแบบ หากถูกใจ,4,4,4,3,2,3,4,4,Kativa,,2,4,2,2,2,4,4,4,4,4,4,4,4,4,4,3,4,4,3,3,3,4,3,3,3,3,3,3,4,3,3,3,3,3,3,4,3,3,3,3,2,3,2,2,2,2,2,2,2,2,"Option 2, Option 3, Option 4",20-29ปี,หญิง,มีแฟนแต่ยังไม่แต่งงาน,พันธุ์ไทย/ผสม,Other,0
6/26/2024 20:37:32,เคย,เป็นเพื่อน,สลิด,"King cat, Friskies",4,2,5,2,2,มีผล,ภาพแมวจริง หรือแมวสมจริง (AI),3,3,3,3,4,3,4,3,Friskies น่ารัก,ฝาเทอาหาร เหมือนขวดน้ำ,2,3,3,3,2,2,4,2,2,2,3,4,3,3,3,3,4,3,3,3,3,4,3,3,2,4,4,3,3,3,3,4,3,3,3,4,4,3,3,4,2,4,2,2,2,2,4,4,3,2,"Option 3, Option 6, Option 8",40-49ปี,หญิง,โสด ไม่มีแฟน,พันธุ์ไทย/ผสม,Other,1
6/26/2024 20:41:18,เคย,ลูกที่ทั้งรัก ทั้งน่ารำคาญในบางเวลา 555,จร สามสี,วิสกัส,3,3,5,3,4,มีผล,ภาพแมวจริง หรือแมวสมจริง (AI),4,4,4,4,2,3,4,2,วิสกัส เพราะคุ้นเคย สีเข้ม /zoi cat เพราะแมวที่ถุงน่ารัก,ไม่แน่ใจ,1,4,1,1,1,1,4,1,1,1,2,3,2,2,2,1,3,1,1,1,3,3,3,3,3,3,4,3,3,3,3,4,4,3,3,3,3,3,3,3,2,3,2,2,2,1,4,2,2,2,"Option 6, Option 7, Option 8",50ปี ขึ้นไป,อื่นๆ,หย่าร้าง/เป็นม่าย,พันธุ์ไทย/ผสม,Whiskas,0
6/26/2024 20:44:01,เคย,เป็นลูก ที่เราอยากเห็นการเติบโตของเค้า,Johnjust ,Projen + petheria,5,3,5,3,4,ไม่มีผล,ได้ทั้งสองแบบ หากถูกใจ,4,4,5,2,3,3,5,3,Projen + test of wild เห็นแล้วรู้สึกถึงธรรมชาติของแมว ความเป็นสัตว์ป่าและนักล่า ทำให้รู้สึกว่าถ้าซื้อให้ลูกกินมันจะดีกับเค้าในแบบที่ธรรมชาติจะให้ ส่วนแพ็คเกจชอบ Projen ที่มีจุดเปิดปากถุงง่าย มีเส้นๆให้ดึง ไม่ใช่ฉีกตามรอยปะ,ซิปล็อกควรจะมีอยู่แล้ว ส่วนที่อยากเพิ่มหน้าถุงอาหารคือรูปเม็ดอาหาร ขนาดเม็ด เด่นเรื่องไหน ช่วยเรื่องอะไร,4,4,4,5,3,3,2,4,3,3,4,2,3,3,3,4,2,3,3,3,4,5,5,4,4,3,2,2,2,2,3,2,2,3,3,4,4,5,5,4,3,2,3,3,3,2,2,2,2,2,"Option 1, Option 5, Option 8",20-29ปี,หญิง,มีแฟนแต่ยังไม่แต่งงาน,อื่นๆ,Other,0
6/26/2024 20:44:14,เคย,เป็นครอบครัว,ไทย,ยูโอ,5,5,5,5,5,มีผล,ภาพแมวจริง หรือแมวสมจริง (AI),5,5,5,5,5,5,5,5,ยูโอ เพราะ มีแมวต้องยูโอ,วิตามินบำรุงสุขภาพแมว,3,3,3,3,3,4,4,4,4,4,5,5,5,5,5,5,5,5,5,5,3,3,3,3,3,5,5,5,5,5,5,5,5,5,5,4,4,4,4,4,3,3,3,3,3,3,3,3,3,3,"Option 3, Option 6, Option 7",30-39ปี,หญิง,มีแฟนแต่ยังไม่แต่งงาน,พันธุ์ไทย/ผสม,Other,1
6/26/2024 20:51:15,เคย,เป็นเหมือนคนในครอบครัว,แมวจรไทย,คิงส์แคท / Justino สลับๆกัน,5,3,4,4,4,มีผล,ภาพแมวจริง หรือแมวสมจริง (AI),4,3,4,4,4,4,5,4,คิงส์แคท ได้ยินชื่อบ่อยเห็นบ่อย,รูปแมวของตัวเอง,3,4,3,4,4,3,4,3,3,3,4,4,4,3,4,4,4,4,3,4,3,3,3,3,3,3,3,3,4,3,3,4,3,3,3,3,3,3,3,3,3,4,3,4,3,3,4,3,3,3,"Option 1, Option 3, Option 4",30-39ปี,หญิง,มีแฟนแต่ยังไม่แต่งงาน,พันธุ์ไทย/ผสม,Other,0
6/26/2024 20:51:42,เคย,เป็นคนในตรอบครัว,พันธุ์ไทย,King Cat,4,4,5,4,5,มีผล,ได้ทั้งสองแบบ หากถูกใจ,4,3,4,4,4,4,5,5,Buzz,-,3,5,4,3,3,4,5,3,3,3,2,5,3,3,3,2,3,3,3,3,5,3,4,4,4,4,4,3,3,3,5,5,5,5,5,5,5,5,5,5,3,3,3,3,3,3,3,3,3,3,"Option 5, Option 7, Option 8",20-29ปี,หญิง,โสด ไม่มีแฟน,พันธุ์ไทย/ผสม,Other,1
6/26/2024 20:52:10,เคย,เป็นคนในครอบครัว,แมวไทย (แมวจร),"Purino, King Cat",5,4,5,5,5,มีผล,ได้ทั้งสองแบบ หากถูกใจ,5,5,5,5,4,4,4,3,Whiskas จำ packaging ได้,-,4,4,3,3,3,3,4,3,3,3,3,5,4,4,3,3,3,4,4,4,5,5,4,5,5,2,3,2,3,2,4,4,4,5,4,2,3,2,2,2,3,3,3,3,3,2,2,3,2,2,"Option 1, Option 5, Option 7",30-39ปี,ชาย,แต่งงานแล้ว,พันธุ์ไทย/ผสม,Other,0
6/26/2024 20:52:23,เคย,เป็นลูกเป็นครอบครัว,พันธ์ไทย,คิงแคท,4,4,4,4,4,ไม่มีผล,ได้ทั้งสองแบบ หากถูกใจ,4,4,4,4,3,4,5,4,คิงแคท,ไม่มี,3,3,3,3,3,3,3,3,3,3,3,4,3,4,3,3,3,3,3,3,3,3,3,3,3,3,3,3,3,3,3,3,3,3,3,3,3,3,3,3,3,3,3,4,3,3,3,3,3,3,"Option 2, Option 3, Option 9",30-39ปี,หญิง,แต่งงานแล้ว,พันธุ์ไทย/ผสม,Other,0
6/26/2024 20:54:10,เคย,คนในครอบครัว,ไทย,King Cat,5,3,5,3,5,ไม่มีผล,ได้ทั้งสองแบบ หากถูกใจ,4,3,4,3,3,3,4,3,King Cat เพราะไม่ได้เลือกซื้อยี่ห้ออื่นเลย,,3,4,3,3,3,2,3,2,2,2,4,4,4,3,4,3,4,3,3,3,3,4,3,3,3,3,4,3,3,3,3,4,3,3,3,3,4,3,3,3,3,4,3,3,3,3,4,3,3,3,"Option 1, Option 3, Option 9",40-49ปี,หญิง,แต่งงานแล้ว,พันธุ์ไทย/ผสม,Other,0
6/26/2024 20:59:19,เคย,เป็นคนในครอบครัว เจ็บไข้ได้ป่วยก็ดูแลรักษากัน ,"ไทย , ไทยผสมสกอตติชโฟลด์","SmartBrain Gold , YOU-O Gold ",4,4,4,3,4,มีผล,ได้ทั้งสองแบบ หากถูกใจ,3,4,4,4,5,5,5,5,BUZZ Netura ชอบซองที่เป็นเนื้อด้านๆ ลายเส้นการ์ตูนน่ารัก,,3,3,3,3,3,4,3,3,3,3,5,4,5,5,4,4,4,4,4,4,3,4,3,3,3,3,4,4,3,3,3,3,3,3,3,3,3,3,3,3,3,3,3,3,3,3,3,3,3,3,"Option 3, Option 4, Option 6",30-39ปี,หญิง,มีแฟนแต่ยังไม่แต่งงาน,พันธุ์ไทย/ผสม,Other,0
6/26/2024 21:00:04,เคย,เหมือนลูกเราเป็นเพื่อน,American Short Hair,Kativa,4,3,5,4,5,มีผล,ได้ทั้งสองแบบ หากถูกใจ,4,4,4,5,4,5,4,5,Whiskas เพราะสี,คุณประโยชน์ของอาหารแมวเพื่อให้แมวสุขภาพแข็งแรง,3,5,4,3,3,4,5,4,4,3,5,5,4,4,4,5,5,5,5,5,5,5,5,5,4,5,5,4,5,4,4,5,5,5,4,5,5,4,5,5,3,5,3,3,3,3,5,4,3,3,"Option 1, Option 3, Option 8",30-39ปี,หญิง,มีแฟนแต่ยังไม่แต่งงาน,อื่นๆ,Other,1
6/26/2024 21:08:11,เคย,เป็นเหมือนสมาชิกในครอบครัว,ทาง,Friskies,4,3,4,3,3,มีผล,ภาพแมวจริง หรือแมวสมจริง (AI),4,3,4,4,3,3,4,4,Purino friskies,,4,4,3,3,3,3,3,3,3,3,4,4,4,3,3,3,4,3,3,3,3,3,3,4,3,4,4,4,4,4,4,4,4,4,4,4,4,4,4,4,2,2,2,3,1,2,2,2,2,2,"Option 3, Option 4, Option 6",40-49ปี,หญิง,มีแฟนแต่ยังไม่แต่งงาน,อื่นๆ,Other,1
6/26/2024 21:10:52,เคย,แมวเป็นทั้งลูก ทั้งเพื่อน และเจ้านาย,ไทยล้วน,Purino neo / king cat,4,3,4,4,4,ไม่มีผล,ภาพแมวจริง หรือแมวสมจริง (AI),4,4,5,5,4,4,5,5,King Cat  เพราะมีรูปแมวหลายสายพันธุ์,Topping เสริม พวกไก่ฟรีซดาย,5,5,5,4,4,5,5,5,4,4,5,5,5,5,5,4,5,4,4,5,4,3,3,4,3,3,5,4,3,3,4,4,4,4,4,5,5,5,5,5,5,5,5,5,5,3,3,4,3,3,"Option 1, Option 3, Option 8",30-39ปี,หญิง,แต่งงานแล้ว,พันธุ์ไทย/ผสม,Other,0
6/26/2024 21:11:22,เคย,น้อง,ไทย,"Buzz , justino",3,3,5,3,5,ไม่มีผล,ได้ทั้งสองแบบ หากถูกใจ,3,4,5,5,5,5,5,4,Buzz เพราะ ถุงมีซิปล๊อค และ ซองเป็นแบบกันแสงแดด ทำให้คุณภาพของอาหารยังคงที่ไม่หายไป,ซิปล๊อคที่แน่นขึ้น,3,3,3,3,3,3,4,3,3,3,4,3,4,4,4,4,4,4,4,4,3,3,3,3,3,5,5,5,4,4,5,5,5,5,5,5,5,5,5,5,3,4,4,4,4,4,4,4,4,4,"Option 6, Option 7, Option 8",30-39ปี,อื่นๆ,มีแฟนแต่ยังไม่แต่งงาน,พันธุ์ไทย/ผสม,Other,1
6/26/2024 21:42:25,เคย,เป็นเหมือนสมาชิกครอบครัว,"วิเชียรมาศ ,แมวไทย",Pramy,5,3,4,3,4,มีผล,ได้ทั้งสองแบบ หากถูกใจ,3,4,4,3,5,3,4,3,Buzz เพราะสีสันดูสบายตา สีไม่ฉูดฉาย,เติมแมวลงไปเยอะๆเลย,4,4,4,4,4,4,4,4,4,4,3,4,4,4,3,3,4,4,4,3,3,3,4,3,3,4,5,4,4,4,4,4,4,4,4,5,5,4,4,5,3,3,3,3,3,3,3,3,3,3,"Option 1, Option 6, Option 8",20-29ปี,หญิง,มีแฟนแต่ยังไม่แต่งงาน,พันธุ์ไทย/ผสม,Other,1
6/26/2024 21:46:41,เคย,เปรียบเสมือนลูก,ทาง,Purena Friskies,4,2,4,2,3,ไม่มีผล,ภาพแมวจริง หรือแมวสมจริง (AI),4,4,4,4,4,4,4,4,Whiskas,ราคา,4,4,4,4,4,4,4,4,4,4,4,4,4,4,4,3,3,3,3,3,3,3,3,3,3,4,4,4,4,4,3,3,3,3,3,4,4,4,4,4,4,4,4,4,4,3,3,3,3,3,"Option 3, Option 6, Option 9",30-39ปี,หญิง,โสด ไม่มีแฟน,อื่นๆ,Other,1
6/26/2024 21:58:03,เคย,เหมือนน้องชายที่ถึงจะดื้อและทำให้เราเจ็บตัว แต่สุดท้ายเราก็จะหายโกรธเอง เป็นสิ่งมหัศจรรย์ที่แค่กอด/หอมก็ช่วยให้หายเครียดได้,ไทย,คิง แคท,4,4,5,3,4,มีผล,ได้ทั้งสองแบบ หากถูกใจ,4,4,4,5,3,3,4,4,คิง แคท เพราะมีการใช้ CI แบรนด์ที่ไม่เหมือนกับแบรนด์อื่นในท้องตลาด,มีบริเวณให้ทดลองดมกลิ่นอาหารแมวบนตัวถุง,3,4,3,3,3,3,5,3,4,3,5,5,5,5,5,5,5,5,5,5,5,5,5,5,5,3,3,3,3,3,3,4,3,3,3,3,3,3,3,3,5,3,3,3,3,3,4,3,4,3,"Option 2, Option 3, Option 4",20-29ปี,หญิง,โสด ไม่มีแฟน,พันธุ์ไทย/ผสม,Other,0
6/26/2024 22:00:13,เคย,เป็นส่วนนึงของชีวิต ขาดไม่ได้,ไทย เปอร์เซีย,Buzz ,5,4,5,5,5,ไม่มีผล,ได้ทั้งสองแบบ หากถูกใจ,5,4,5,5,5,5,5,4,Solid สีสันจัดจ้าน,ดอกไม้,2,4,2,2,2,3,3,3,3,2,5,5,5,5,5,4,4,4,4,4,4,4,4,4,4,5,5,5,4,5,4,4,4,4,4,4,5,5,5,5,3,3,3,3,3,4,3,4,4,4,"Option 3, Option 6, Option 8",20-29ปี,หญิง,โสด ไม่มีแฟน,พันธุ์ไทย/ผสม,Other,1
6/26/2024 22:03:59,เคย,คนในครอบครัว,พันธุ์ทาง,เม็ด เปียก เปลี่ยนไปเรื่อยๆ แมว ขี้เบื่อ,3,2,5,2,2,ไม่มีผล,ได้ทั้งสองแบบ หากถูกใจ,2,2,3,3,3,3,3,3,ฟริสกี้,Topping ,5,3,3,3,3,3,3,3,3,3,3,3,3,3,3,3,3,3,3,3,3,3,3,3,3,3,3,3,3,3,3,3,3,3,3,3,3,3,3,3,3,3,3,3,3,3,3,3,3,3,"Option 6, Option 7, Option 8",40-49ปี,หญิง,โสด ไม่มีแฟน,อื่นๆ,Other,0
6/26/2024 22:36:18,เคย,เพื่อน,แมวพันธุ์ไทย,YouO,5,4,5,4,4,มีผล,ภาพแมวจริง หรือแมวสมจริง (AI),5,5,5,5,5,5,5,4,YouO,สรรพคุณของวัถุดิบที่ดีต่อแมวในแต่ละรสชาติ,5,5,5,5,5,4,5,5,5,5,4,5,5,5,5,5,5,5,5,5,5,5,5,5,5,5,5,5,5,5,5,5,5,5,5,3,5,5,5,5,3,3,3,3,3,3,3,3,3,3,"Option 1, Option 3, Option 7",30-39ปี,หญิง,โสด ไม่มีแฟน,พันธุ์ไทย/ผสม,Other,1
6/26/2024 22:51:20,เคย,เหมือนสมาชิกในครอบครัว เป็นน้องเล็กในบ้าน,แมวจร,"Purino neo, Buzz holistic, วิสกัส",5,3,5,1,3,มีผล,ได้ทั้งสองแบบ หากถูกใจ,3,5,5,4,2,3,5,3,วิสกัส เพราะสีม่วง สะดุดตา แล้วใช้สีนี้มายาวนาน,ที่มีขายตามท้องตลาดคิดว่ามีรายละเอียดแจ้งครบถ้วนแล้ว ,2,3,3,2,2,4,3,2,4,3,4,3,3,3,4,4,4,3,4,4,4,4,3,3,3,4,4,3,4,3,3,3,3,3,2,2,3,2,3,2,4,4,4,4,4,3,3,3,4,3,"Option 3, Option 4, Option 9",30-39ปี,หญิง,โสด ไม่มีแฟน,พันธุ์ไทย/ผสม,Whiskas,1
6/26/2024 23:31:03,เคย,ตอนแรกเป็นลูก ตอนหลังเริ่มเป็นภาระ,scotish,King cat,5,4,4,4,5,มีผล,ได้ทั้งสองแบบ หากถูกใจ,4,4,4,4,2,4,5,3,ถ้าการออกแบบให้ King Cat แต่ถ้าชื่อแบรนด์ยกให้ YouO เพราะลองอ่านคำว่า YouO สิ มันน่ารักจะตาย,ราคาแนะนำ พิมพ์ลงไปเลย จะได้รู้ว่าร้านไหนค้ากำไรเกินควร,1,4,1,1,1,1,4,1,1,1,4,4,3,4,3,1,4,1,1,1,1,1,1,1,1,4,4,3,4,3,1,1,1,1,1,1,1,1,1,1,1,4,3,1,1,1,4,4,4,1,"Option 3, Option 6, Option 10",30-39ปี,ชาย,มีแฟนแต่ยังไม่แต่งงาน,อื่นๆ,Other,1
6/27/2024 7:40:15,เคย,ลูก ผู้ขี้อ้อน,บริชติส ช้อตแฮร์,คิงงแคท,5,3,5,4,4,มีผล,ได้ทั้งสองแบบ หากถูกใจ,4,4,4,4,4,4,4,4,คิงส์แคทท ภาพเล่าเรื่อง,คลีน,4,4,4,4,4,5,5,5,5,5,5,5,5,5,5,3,4,4,4,4,4,4,4,4,4,5,5,5,4,4,3,3,3,3,3,4,4,4,4,4,3,3,3,3,3,2,2,2,2,2,"Option 1, Option 2, Option 5",50ปี ขึ้นไป,หญิง,แต่งงานแล้ว,อื่นๆ,Other,1
6/27/2024 7:54:41,เคย,เหมือนลูก,เปอร์เซีย,PURINO,5,4,5,4,4,ไม่มีผล,ได้ทั้งสองแบบ หากถูกใจ,4,4,3,4,4,3,4,3,PURINO มีภาพรายละเอียดที่หน้าถุง,วิตามิน,3,3,2,4,3,4,4,4,4,4,5,5,5,4,4,2,2,2,2,2,2,2,2,2,2,4,4,4,4,4,3,3,3,3,3,3,3,3,3,3,1,1,1,1,1,1,1,1,1,1,"Option 2, Option 3, Option 6",50ปี ขึ้นไป,หญิง,หย่าร้าง/เป็นม่าย,เปอร์เซีย,Other,1
6/27/2024 8:10:45,เคย,ครอบครัว,ไทย,วิสกัสรสปลาทูน่า,5,5,5,5,5,ไม่มีผล,ได้ทั้งสองแบบ หากถูกใจ,4,4,5,4,5,5,5,5,วิสกัสเพราะคุ้นชินและเห็นบ่อยที่สุด,เปอร์เซ็นของความเค็ม,3,4,3,2,2,3,3,3,3,3,4,4,4,4,4,4,4,4,4,4,4,4,4,4,4,4,4,4,4,4,4,4,4,4,4,4,4,4,4,4,4,4,4,4,4,4,4,4,4,4,"Option 3, Option 6, Option 10",20-29ปี,หญิง,มีแฟนแต่ยังไม่แต่งงาน,พันธุ์ไทย/ผสม,Whiskas,1
6/27/2024 8:45:28,เคย,เหมือนเจ้านายที่ต้องคอยปรนนิบัติ,พันธุ์ผสม,ยูโอ,4,4,4,4,4,มีผล,ได้ทั้งสองแบบ หากถูกใจ,4,4,4,4,4,4,4,4,ยูโอ เพราะซื้ออยู่แบรนด์เดียว,,3,3,3,3,3,3,3,3,3,3,3,3,3,3,3,3,3,3,3,3,4,4,4,4,4,3,3,3,3,3,3,3,3,3,3,3,3,3,3,3,3,3,3,3,3,2,2,2,2,2,"Option 2, Option 3, Option 5",30-39ปี,หญิง,โสด ไม่มีแฟน,อื่นๆ,Other,0
6/27/2024 8:55:19,เคย,เป็นเพื่อน,แมวไทย,เบทราโกร,4,3,4,2,3,ไม่มีผล,ได้ทั้งสองแบบ หากถูกใจ,3,3,5,5,4,4,4,3,เบทราโกร บรรจุภัณฑ์ บงบอกลักษณะอาหาร อื่นๆ,,4,5,4,3,3,3,3,3,3,3,5,4,4,4,4,4,4,4,3,3,4,3,3,3,3,5,5,4,4,4,4,3,4,4,3,3,3,3,3,3,3,3,3,3,3,3,4,3,3,3,"Option 3, Option 5, Option 6",30-39ปี,หญิง,โสด ไม่มีแฟน,พันธุ์ไทย/ผสม,Other,1
6/27/2024 10:14:39,เคย,เป็นลูก,ScottishFold,King Cat,5,4,5,4,5,มีผล,ได้ทั้งสองแบบ หากถูกใจ,5,5,4,4,4,4,5,4,Buzz เพราะภาพบนบรรจุภัณฑ์น่าดึงดูด,ภาพการ์ตูน,3,4,3,3,3,4,4,4,4,3,5,5,5,4,5,4,4,3,3,3,4,4,3,3,3,4,4,4,4,4,5,5,5,5,5,4,3,3,3,3,3,4,3,3,3,3,4,4,3,3,"Option 2, Option 6, Option 7",30-39ปี,หญิง,มีแฟนแต่ยังไม่แต่งงาน,สก๊อตติช โฟลด์,Other,1
6/27/2024 11:49:47,เคย,ลูกในไส้,อเมริกันช็อตแฮร์,Purino Neo,4,4,4,3,4,มีผล,ได้ทั้งสองแบบ หากถูกใจ,4,3,4,4,3,3,4,3,King Cat เรียบๆคลีน สบายตา อ่านรายละเอียดได้ชัดเจน,Product RTB  สั้นๆ กระชับ เข้าใจง่าย,3,4,3,3,3,4,4,4,4,4,4,4,4,4,4,3,4,4,4,3,3,5,4,4,3,3,4,3,3,3,4,5,4,4,3,4,5,4,4,3,3,4,4,3,3,3,4,3,3,3,"Option 3, Option 4, Option 7",20-29ปี,หญิง,โสด ไม่มีแฟน,อื่นๆ,Other,0
6/27/2024 11:52:24,เคย,เป็นเหมือนลูกของเรา,แมวไทย,วิสกัส,5,4,5,4,5,ไม่มีผล,ได้ทั้งสองแบบ หากถูกใจ,4,5,5,5,5,4,5,5,วิสกัส เพราะเป็นแบรนด์ที่ติดหู เห็นโฆษณาบ่อยๆ,,5,5,5,5,5,4,4,3,5,4,5,5,5,5,5,5,5,5,5,5,5,5,5,5,5,3,3,3,3,3,3,3,3,3,3,5,5,5,5,5,5,5,5,5,5,2,2,2,2,2,"Option 1, Option 3, Option 4",20-29ปี,หญิง,แต่งงานแล้ว,พันธุ์ไทย/ผสม,Whiskas,0
6/27/2024 11:57:29,เคย,เป็นเจ้านายของเรา เป็นลูกของเรา เขาอยากได้อะไรก็ต้องหาซื้อมาให้ เทเปียกให้แล้วก็ข่วนเรา เราก็รักเหมือนเดิม เพราะเขาเติมเต็มความสุขด้วยความน่ารัก ขี้อ้อนของเขา (ขี้อ้อนในบางวัน) เวลาหอมแมวเหมือนได้เติมเอนเนอจี้ความสุข,แมวพันธุ์จร จรจัส,"YouO Gold, MEKKO",4,3,5,3,5,ไม่มีผล,ได้ทั้งสองแบบ หากถูกใจ,4,5,3,5,1,3,4,3,แคทิว่า เพราะมีภูเขาใหญ่ดี สะดุดตา เหมือนไม่ใช่อาหารแมว // Petheria เพราะหน้าแมวน่ารัก,เพิ่มของเล่นแมว,1,4,2,1,1,3,4,3,1,1,4,5,3,4,4,5,5,4,4,5,3,3,1,3,1,2,3,3,2,1,1,1,1,1,1,4,4,4,5,5,1,1,1,1,1,3,3,2,2,1,"Option 3, Option 4, Option 8",20-29ปี,หญิง,โสด ไม่มีแฟน,พันธุ์ไทย/ผสม,Other,0
6/27/2024 12:00:30,เคย,เพื่อนผู้น่ารัก,สามสีกับลายปลานิล,วิสกัต,4,2,5,2,3,ไม่มีผล,ภาพแมวจริง หรือแมวสมจริง (AI),2,3,4,3,3,3,4,4,ไม่มีในใจนะครับ แต่ลองซื้อมาแล้วแมวกินหมดก็จำยี่ห้อนั้นไว้,,3,3,3,3,3,4,4,3,3,4,3,4,2,4,3,3,3,2,3,2,4,4,4,4,4,4,4,3,4,4,3,3,2,3,2,2,4,2,3,2,3,2,4,4,3,3,4,3,3,2,"Option 2, Option 5, Option 6",30-39ปี,ชาย,โสด ไม่มีแฟน,อื่นๆ,Other,1
6/27/2024 12:02:35,เคย,เป็นทุกอย่าง ที่ทำให้รู้สึกดีต่อใจ,ธรรมดา,พาแมวไปเลือกที่ร้าน,4,3,4,3,5,มีผล,ได้ทั้งสองแบบ หากถูกใจ,4,4,4,4,5,3,5,3,ไม่เจาะจง,ไม่มีความเห็น,2,2,2,2,2,4,5,4,4,4,4,4,5,4,5,4,4,4,4,4,3,3,3,2,1,1,1,1,1,1,3,2,2,1,2,2,2,2,1,2,2,2,2,1,2,1,1,1,1,1,"Option 2, Option 3, Option 4",30-39ปี,ชาย,โสด ไม่มีแฟน,อื่นๆ,Other,0
6/27/2024 12:03:18,เคย,เหมือนลูก เหมือนเพื่อน ชอบคุยกับแมวค่ะ ,แมววัด แมวสามสี แมวสลิด,เคยซื้อยี่ห้อ วิสกัส อาหารเปียก ยูโอ,4,3,5,4,4,มีผล,ได้ทั้งสองแบบ หากถูกใจ,4,5,4,3,4,4,4,3,วิสกัส ยูโอ,ไม่มีค่า,3,4,3,3,3,4,5,3,3,4,5,4,4,3,4,4,4,3,4,4,2,3,3,3,3,3,3,4,4,3,3,4,3,4,3,3,4,3,3,3,2,3,2,3,2,2,2,2,3,2,"Option 2, Option 3, Option 4",30-39ปี,หญิง,โสด ไม่มีแฟน,พันธุ์ไทย/ผสม,Whiskas,0
6/27/2024 12:08:11,เคย,ลูก,พันธุ์สลิดข้างทาง และอีกบ้านอเมริกันช็อตแฮร์,พูริโน่ฟริสกี้ รสอาหารทะเลถุงฟ้า (ตอนนี้ไม่ได้เลี้ยงแล้ว),4,3,5,3,4,ไม่มีผล,ภาพแมวจริง หรือแมวสมจริง (AI),3,4,3,3,3,3,4,3,วิสกัส เพราะสีม่วงโดดเด่น พูริโน่สีเขียวพรีเมียม,ให้ถุงมีส่วนใส จะเห็นว่าผลิตภัณฑ์ข้างในแตก หัก เก่า สีเปลี่ยนหรือเปล่า,2,4,2,2,1,4,3,2,2,2,3,4,3,2,3,3,4,3,3,3,3,4,4,3,3,3,4,3,3,3,2,3,2,2,2,3,4,3,3,3,3,4,3,3,3,3,4,4,3,3,"Option 3, Option 4, Option 10",40-49ปี,ชาย,มีแฟนแต่ยังไม่แต่งงาน,พันธุ์ไทย/ผสม,Other,0
6/27/2024 12:17:19,เคย,ลูก,แมวไทย,วิสกัส,4,3,5,4,4,มีผล,ภาพแมวจริง หรือแมวสมจริง (AI),4,5,5,5,5,3,5,4,วิสกัส,,4,5,3,4,4,3,3,3,2,2,4,3,4,3,3,4,5,4,4,4,3,3,3,3,3,3,3,2,3,2,2,3,2,2,2,2,3,3,3,2,3,3,2,3,3,2,2,2,2,2,"Option 1, Option 3, Option 4",30-39ปี,หญิง,โสด ไม่มีแฟน,พันธุ์ไทย/ผสม,Whiskas,0
6/27/2024 12:19:10,เคย,ลูก,ไทย,King Cat,4,2,4,2,3,ไม่มีผล,ได้ทั้งสองแบบ หากถูกใจ,2,2,5,3,3,2,5,5,วิสกัส,คุณสมบัติ เช่น ลดก้อนขน ลดขนหลุดร่วง ฟันแข็งแรง,4,4,3,3,3,3,4,3,3,3,4,5,4,4,4,3,3,3,3,3,4,4,3,3,3,3,3,3,3,3,3,3,3,3,3,4,4,3,3,3,3,3,3,3,3,3,3,3,3,3,"Option 3, Option 4, Option 5",30-39ปี,หญิง,มีแฟนแต่ยังไม่แต่งงาน,พันธุ์ไทย/ผสม,Other,0
6/27/2024 12:37:30,เคย,เพื่อนคลายเหงา,วิเชียร์มาศ (แมวจร),Kativa,4,3,5,3,4,มีผล,ได้ทั้งสองแบบ หากถูกใจ,3,3,3,3,3,3,4,4,Katival เพราะแพคเกจดูมีสีสันและน่าจะมีประโยชน์ ,,3,3,3,3,3,3,3,3,4,3,4,4,4,4,4,3,4,3,4,3,3,3,3,3,3,4,4,4,4,4,3,3,3,4,3,3,3,3,4,3,4,4,3,5,3,3,3,3,3,3,"Option 3, Option 6, Option 9",20-29ปี,หญิง,โสด ไม่มีแฟน,พันธุ์ไทย/ผสม,Other,1
6/27/2024 13:13:32,เคย,เป็นลูกสาว,แมวสามสี,YOU-O ,4,3,5,3,4,มีผล,ได้ทั้งสองแบบ หากถูกใจ,4,3,5,5,5,4,5,4,วิสกัส เพราะเห็นที่โฆษณาบ่อยและตอนไปเดินเลือกซื้ออาหารแมว,ไม่รู้,3,4,3,4,3,5,5,3,4,3,5,4,5,5,5,3,4,3,4,3,5,4,5,5,5,5,5,5,4,5,4,4,4,4,4,4,3,3,3,3,4,4,3,4,4,4,4,4,4,3,"Option 3, Option 6, Option 7",30-39ปี,หญิง,โสด ไม่มีแฟน,อื่นๆ,Other,1
6/27/2024 13:18:34,เคย,เป็นเหมือนคนในครอบครัว,Domestic short hair,Pateria,5,4,5,4,4,มีผล,ภาพแมวจริง หรือแมวสมจริง (AI),4,5,4,4,5,4,5,5,You-O เพราะเป็นที่รู้จัก และเป็นแบรนด์แรกๆที่มีการโฆษณา,ส่วนผสมโปรตีนที่ทำจากวัตถุดิบที่มีประโยชน์ต่อน้องแมวมากขึ้น เช่น ปลาทู ,4,5,4,5,5,5,5,5,4,4,5,4,4,5,5,4,4,5,4,5,4,5,5,4,5,4,4,4,4,4,4,4,4,4,4,4,4,5,4,5,4,5,4,5,5,3,3,4,3,4,"Option 1, Option 2, Option 3",20-29ปี,อื่นๆ,มีแฟนแต่ยังไม่แต่งงาน,อื่นๆ,Other,1
6/27/2024 13:19:15,เคย,เป็นเหมือนลูก และเพื่อนเล่น,เปอร์เซียผสมแมวบ้าน,Purino neo,4,1,5,1,4,มีผล,ภาพแมวจริง หรือแมวสมจริง (AI),4,3,3,4,4,3,4,3,Purino neo เพราะสีถุงเป็นเอกลักษณ์,,1,3,2,1,1,3,3,2,3,1,4,4,4,4,4,4,3,3,4,3,3,4,4,4,4,4,4,3,4,4,3,3,3,3,3,4,4,4,4,4,4,3,3,4,4,3,4,3,3,3,"Option 3, Option 4, Option 6",20-29ปี,หญิง,มีแฟนแต่ยังไม่แต่งงาน,พันธุ์ไทย/ผสม,Other,1
6/27/2024 13:21:18,เคย,เหมือนลูก เหมือนเพื่อน unconditional love,American shorthair,Purino Neo,4,3,5,3,5,ไม่มีผล,ภาพแมวจริง หรือแมวสมจริง (AI),4,3,5,4,3,4,4,3,Purino Neo โทนสีเป็นเอกลักษณ์ เห็นแล้วจำได้,,3,4,3,3,3,3,3,4,3,3,2,4,2,3,2,3,4,3,3,3,3,3,3,3,3,2,2,2,2,2,2,2,2,2,2,3,4,3,3,3,3,3,3,3,3,3,4,3,3,3,"Option 2, Option 7, Option 9",30-39ปี,หญิง,โสด ไม่มีแฟน,อื่นๆ,Other,0
6/27/2024 13:24:23,เคย,เป็นลูกค่ะ,พันธ์ไทย,ยูโอ,5,5,5,5,5,ไม่มีผล,ได้ทั้งสองแบบ หากถูกใจ,5,5,5,5,5,5,5,5,ยูโอ,,2,4,3,4,2,5,5,5,5,5,5,5,5,5,5,5,5,5,5,5,5,5,5,5,5,5,5,5,5,5,5,5,5,5,5,5,5,5,5,5,5,5,5,5,5,5,5,5,5,5,"Option 3, Option 5, Option 6",20-29ปี,หญิง,โสด ไม่มีแฟน,พันธุ์ไทย/ผสม,Other,1
6/27/2024 13:25:19,เคย,"everything, unconditional love ❤️ ",DSH,King cat,3,3,4,4,5,ไม่มีผล,ภาพการ์ตูน หรือลายเส้น,4,4,5,3,3,5,5,4,Buzz,คิดไม่ออก เอาแค่เท่าที่ กม กำหนดก็พอ เยอะเกินรก,3,4,3,3,2,4,5,3,3,4,4,3,4,4,4,3,3,2,2,2,1,1,1,1,1,1,1,1,1,1,3,3,3,4,3,4,3,4,4,4,1,1,1,1,1,1,1,1,1,1,"Option 2, Option 3, Option 8",20-29ปี,หญิง,มีแฟนแต่ยังไม่แต่งงาน,อื่นๆ,Other,0
6/27/2024 13:26:36,เคย,สำหรับเราแมวเป็นความสุขและเป็นสิ่งที่อยากทะนุถนอมค่ะ ถึงแม้จะไม่ได้เลี้ยงแมวในบ้านแต่เลี้ยงแมวจรเป็นประจำ พยายามหาสิ่งที่ดีให้แก่น้องๆค่ะ,แมวจรค่ะ,หลากหลายมากค่ะ มีทั้งวิสกัต/ยูโอและ zoi catค่ะ,5,3,4,3,5,มีผล,ได้ทั้งสองแบบ หากถูกใจ,4,5,4,5,5,4,5,3,ยูโอค่ะ เพลงสนุกดีค่ะ 😻และเป็นแบรนด์คุ้มเคยมาตลอด,,4,4,4,4,4,4,4,4,5,4,5,5,5,5,5,5,5,5,5,5,5,5,5,5,5,4,4,4,4,4,4,4,4,4,4,4,4,4,4,4,4,4,4,4,4,4,4,4,4,4,"Option 3, Option 4, Option 5",20-29ปี,หญิง,โสด ไม่มีแฟน,พันธุ์ไทย/ผสม,Other,1
6/27/2024 13:38:57,เคย,เหมือนคนในครอบครัว,American Shorthair,Solid gold,3,3,5,4,4,ไม่มีผล,ได้ทั้งสองแบบ หากถูกใจ,3,2,2,5,3,4,5,3,คิงแคท เพราะติดหู ผ่านตาเยอะ,,4,4,3,3,3,4,4,3,3,4,3,3,3,3,3,4,4,3,3,4,3,3,3,3,3,2,2,2,2,1,4,4,3,3,3,2,2,3,3,3,1,2,1,1,1,2,4,2,2,2,"Option 2, Option 4, Option 7",20-29ปี,หญิง,มีแฟนแต่ยังไม่แต่งงาน,อื่นๆ,Other,0
6/27/2024 13:48:56,เคย,เหมือนเพื่อน ลูก คนในบ้าน คนที่เรารัก กลับบ้านมาจะได้เจอเค้ามานั่งคุยกัน,แมวไทยสีสวาด,Taste of the wild ,5,3,3,5,5,มีผล,ได้ทั้งสองแบบ หากถูกใจ,5,3,3,5,5,5,5,3,Taste of the wild ,ปากถุงแบบซิปล็อก,1,3,1,1,1,1,3,1,1,1,3,1,4,3,1,1,1,2,1,1,1,3,4,1,1,1,1,3,1,1,4,4,4,3,3,1,1,4,4,1,1,1,1,1,1,1,2,4,1,1,"Option 7, Option 9, Option 10",40-49ปี,ชาย,โสด ไม่มีแฟน,พันธุ์ไทย/ผสม,Other,0
6/27/2024 14:02:40,เคย,สมาชิกคนนึงในครอบครัว,อเมริกันช็อตแฮร์ เปอร์เซีย และลูกครึ่งของ 2 พันธุ์นี้ ,"King Cat, purino neo, kaniva, tiffany, Mekko kotten, maxima",4,4,5,4,4,มีผล,ภาพแมวจริง หรือแมวสมจริง (AI),5,4,5,5,3,4,4,4,purino neo สีชมพู,แมว ขนแมว รูปร่างแมว ภาพส่วนผสม รูปเม็ดอาหาร ,3,3,2,2,2,4,4,3,4,4,3,3,2,2,1,3,3,2,3,1,4,4,3,3,4,1,2,1,2,1,4,3,4,4,2,3,2,3,3,2,3,3,3,2,2,1,2,3,2,1,"Option 2, Option 5, Option 9",40-49ปี,หญิง,แต่งงานแล้ว,เปอร์เซีย,Kaniva,0
6/27/2024 14:04:50,เคย,เป็นสมาชิกในครอบครัว,แมวจร,Purino Neo / Kativa ,5,3,5,3,4,ไม่มีผล,ภาพแมวจริง หรือแมวสมจริง (AI),4,4,5,5,4,3,4,4,Solid Gold เพราะสีสันสะดุดตา,แจ้งหน้าซองเลยถึงปริมาณโซเดียม,1,1,1,1,1,3,3,3,3,3,4,4,4,4,4,4,4,4,4,4,3,3,3,3,3,3,3,3,3,3,3,3,3,3,3,3,3,3,3,3,2,2,2,2,2,2,2,2,2,2,"Option 3, Option 4, Option 5",40-49ปี,หญิง,มีแฟนแต่ยังไม่แต่งงาน,พันธุ์ไทย/ผสม,Other,0
6/27/2024 14:06:54,เคย,เป็นกำลังใจในการใช้ชีวิต,ไทย,แคทิว่า,4,3,5,3,5,มีผล,ภาพแมวจริง หรือแมวสมจริง (AI),5,5,5,5,3,3,4,3,ยูโอ เพราะสีที่สะดุดตาและเป็นเอกลักษณ์,,3,5,4,3,2,4,5,5,4,4,4,5,3,5,4,3,5,4,4,4,3,5,5,4,4,2,5,3,4,3,2,4,3,4,3,3,5,3,4,3,4,5,3,4,4,4,5,5,5,4,"Option 2, Option 5, Option 10",30-39ปี,หญิง,โสด ไม่มีแฟน,พันธุ์ไทย/ผสม,Other,0
6/27/2024 14:13:15,เคย,ครอบครัว,แมวจร,King cat,4,3,3,3,4,ไม่มีผล,ได้ทั้งสองแบบ หากถูกใจ,3,3,4,3,3,4,4,5,King cat เห็นทั่วไป,,3,4,3,4,3,3,3,3,3,3,2,4,2,3,2,2,2,2,2,2,2,2,2,2,2,2,2,2,2,2,2,2,2,2,2,3,3,3,3,3,3,3,3,3,3,2,2,2,2,2,"Option 1, Option 2, Option 8",40-49ปี,หญิง,แต่งงานแล้ว,พันธุ์ไทย/ผสม,Other,0
6/27/2024 14:31:29,เคย,ลูกของเรา,american shorthair เปอร์เซีย,king cat แคทิว่า  purino,5,1,5,1,4,มีผล,ได้ทั้งสองแบบ หากถูกใจ,4,4,4,4,4,3,4,4,King cat,ขอความภาษาไทย เป็นfontน่ารักๆ ว่าช่วยเรื่องสรรพคุณเรื่องใด,2,3,3,3,3,3,3,3,3,3,3,4,3,3,3,3,3,3,3,3,3,3,3,3,3,3,3,3,3,3,3,3,3,3,3,3,3,3,3,3,4,3,3,3,3,3,3,3,3,3,"Option 3, Option 5, Option 9",40-49ปี,หญิง,แต่งงานแล้ว,เปอร์เซีย,Other,0
6/27/2024 14:31:49,เคย,เป็นน้องที่เราต้องดูแล,แมวไทย,SmartBrain  gold สำหรับแมว,3,2,5,1,3,มีผล,ได้ทั้งสองแบบ หากถูกใจ,4,4,2,1,1,1,4,3,คิดถึง Kativa จำสี branding ได้ชัด + โทนสีหน้าตาห่อ (ถึงจะไม่เคยซื้อ) เพราะเห็น Online Ads บ่อย ทั้งผ่าน Influ (ชิเอลแมวมึน) และเพลงโฆษณาติดหูมากเลยยิ่งโฟกัสจำแบรนด์นี้ได้,"ส่วนตัวชอบความมีซิปล็อค สามารถเปิดถุงและปิดเก็บได้สะดวก เพราะปกติไม่ได้ถ่ายใส่กล่องแยก
อย่างยี่ห้อนี้ (SmartBrain gold) รู้จักเพราะ Influ แมวที่ตามเป็นพรีเซนเตอร์ (Malon family) เลยลองซื้อมา แล้วรุ่นที่เค้าเป็นโปรโมชันกับทาง Influ ก็เป็นรุ่นมีซิปล็อค พอใช้ก็ถูกใจ เพราะมันสะดวกมาก แถมแมวก็ดูชอบกินด้วย",1,5,1,1,1,1,4,2,3,1,4,5,2,3,3,3,5,1,3,1,1,5,1,1,1,1,5,1,1,1,1,5,1,1,1,3,5,2,1,1,1,5,1,4,1,1,5,1,1,1,"Option 3, Option 4, Option 8",20-29ปี,หญิง,โสด ไม่มีแฟน,พันธุ์ไทย/ผสม,Other,0
6/27/2024 14:45:50,เคย,เป็นลูกๆ,วิเชียรมาศ แมวจร,"Solid gold , taste of the wild ",5,3,3,4,5,มีผล,ได้ทั้งสองแบบ หากถูกใจ,5,5,5,5,3,5,4,5,Taste of the Wild ดูสุขภาพดี,ขนาดการกินต่อวันที่จะไม่ส่งผลต้อ ตับหรือ ไต หรือ ค่าโปรตีน จริงๆหลังจากหักน้ำออกไป,3,4,3,3,3,4,4,4,4,4,4,4,4,4,4,4,4,4,4,4,4,4,4,4,4,5,5,5,5,5,5,5,5,5,5,5,5,5,5,5,4,4,4,4,4,3,3,3,3,3,"Option 4, Option 6, Option 7",40-49ปี,หญิง,มีแฟนแต่ยังไม่แต่งงาน,พันธุ์ไทย/ผสม,Other,1
6/27/2024 14:51:02,เคย,เหมือนลูกที่ไม่ค่อยรักแม่,"สก็อตติช,อเมริกันช็อตแฮร์",King Cat,5,2,5,3,2,มีผล,ได้ทั้งสองแบบ หากถูกใจ,5,5,4,4,4,3,3,3,taste of the wild เพราะในความรู้สึกถึงวัตถุดิบที่เป็นธรรมชาติ ความแข็งแรงที่จะได้รับจากการกินอาหารแบรนด์นี้,ก้านขนนกน้องแมวทุกยี่ห้องชอบมากคิดว่าน่าจะถูกใจแม่แมวหลายๆคนด้วยเพราะแมวเวลาเล่นขนนกแล้วมันพังไวบางทีต้องซื้อตุนไว้ ถ้าซื้ออาหารแมวแล้วแอบใส่ขนนกไว้ในบรรจุภัณฑ์น่าจะกระตุ้นให้แม่แมวหลายๆคนซื้ออาหารเพิ่มมากขึ้น,3,3,2,2,2,3,3,3,3,3,4,4,3,3,3,3,3,3,3,3,4,4,4,4,3,3,4,3,3,3,5,4,4,4,4,4,4,4,4,4,3,3,3,3,3,4,4,4,4,4,"Option 5, Option 7, Option 8",20-29ปี,หญิง,มีแฟนแต่ยังไม่แต่งงาน,อื่นๆ,Other,0
6/27/2024 15:01:30,เคย,ลูก,American Shorthair ,King Kat ,4,4,5,4,5,ไม่มีผล,ภาพแมวจริง หรือแมวสมจริง (AI),4,5,5,4,4,3,5,4,วิสกัส สีม่วงเด่นติดตา,ซิปล็อค ,3,3,3,3,3,3,3,3,3,3,3,3,3,3,3,3,3,3,3,3,3,3,3,2,3,4,4,3,3,4,3,3,3,3,3,4,4,3,3,4,3,3,3,3,3,3,3,3,3,3,"Option 6, Option 7, Option 8",30-39ปี,หญิง,แต่งงานแล้ว,อื่นๆ,Other,1
6/27/2024 15:05:58,เคย,เพื่อน,เมนคูน,Solid gold,4,4,4,4,4,มีผล,ได้ทั้งสองแบบ หากถูกใจ,4,3,3,3,5,4,5,4,Solid gold,,3,4,2,3,2,2,4,3,3,2,3,4,3,3,3,3,4,3,3,3,4,3,3,3,4,4,5,4,4,4,4,4,4,4,4,4,4,4,4,4,3,3,3,3,3,2,2,2,2,2,"Option 6, Option 7, Option 8",30-39ปี,ชาย,มีแฟนแต่ยังไม่แต่งงาน,อื่นๆ,Other,1
6/27/2024 15:12:11,เคย,เป็นน้องชาย,แมวไทย ,Purino neo ,5,4,5,4,4,มีผล,ภาพแมวจริง หรือแมวสมจริง (AI),4,5,5,5,4,4,5,5,King cat มีรูปแมวบนถุง ,,3,4,3,3,3,4,4,4,4,4,4,4,4,4,4,5,4,5,5,5,3,3,3,3,3,2,2,2,2,2,2,2,2,2,2,3,3,3,3,3,3,3,3,3,3,2,2,2,2,2,"Option 2, Option 3, Option 4",20-29ปี,หญิง,โสด ไม่มีแฟน,พันธุ์ไทย/ผสม,Other,0
6/27/2024 15:14:39,เคย,เป็นเพื่อนยามเหงา,แมวบ้าน,วิสกัส,4,5,5,5,5,มีผล,ได้ทั้งสองแบบ หากถูกใจ,3,3,4,4,5,5,5,5,วิสกัส,,2,2,2,2,2,3,3,3,3,3,3,3,3,3,3,1,1,2,2,2,3,3,3,3,3,3,3,3,3,3,4,3,2,3,2,2,2,3,3,2,2,3,3,3,2,5,5,4,5,4,"Option 8, Option 9, Option 10",40-49ปี,อื่นๆ,หย่าร้าง/เป็นม่าย,พันธุ์ไทย/ผสม,Whiskas,0
6/27/2024 15:26:50,เคย,เลี้ยงเหมือนลูก,แรคดอล มัชกิ้น,buzz,4,4,5,3,4,มีผล,ได้ทั้งสองแบบ หากถูกใจ,4,4,4,4,3,3,4,4,buzz beyond ภาพสวย สีสวย,,3,3,3,3,2,3,3,3,3,3,4,4,4,4,4,3,3,3,3,3,3,3,3,3,3,3,4,3,3,3,4,4,4,3,3,3,3,3,3,3,3,3,3,3,3,3,3,3,3,3,"Option 3, Option 6, Option 7",30-39ปี,หญิง,แต่งงานแล้ว,อื่นๆ,Other,0
6/27/2024 15:38:12,เคย,เหมือนพี่น้อง คนในครอบครัว,แมวไทย อดีตแมวจร,purino neo,5,4,5,3,5,มีผล,ได้ทั้งสองแบบ หากถูกใจ,5,4,5,5,5,5,5,5,king cat,,3,3,3,3,3,5,5,5,5,5,5,5,5,5,5,5,5,5,5,5,4,4,4,4,4,4,4,3,3,3,4,4,3,4,4,5,4,5,5,4,3,3,3,3,3,3,3,3,3,3,"Option 2, Option 3, Option 4",30-39ปี,หญิง,โสด ไม่มีแฟน,พันธุ์ไทย/ผสม,Other,1
6/27/2024 15:41:03,เคย,ลูกหรือเจ้านายไม่แน่ใจ,จร,"เยอะมากเลยอะค่ะ เช่น buzz netura, cheershare, ostech, bite of wild etc.",5,2,4,2,3,มีผล,ได้ทั้งสองแบบ หากถูกใจ,3,2,4,5,4,5,3,3,buzz netura ก็น่ารักดีค่ะ / ถ้าเป็นอาหารเปียกชอบยี่ห้อ cat's taste ,อยากได้ให้คลีนๆ อ่านง่ายไม่รก โดยเฉพาะตรงวัตถุดิบทั้งหมดและสารอาหาร อยากให้พิมพ์ใหญ่ๆ และละเอียด เพราะจะอ่านตรงนี้มากที่สุด พวกคำโฆษณาอะไรไม่ได้สนใจเลย บางแบรนด์ที่พิมพ์ตัวเล็กหรือไม่ละเอียดจะไม่อยากซื้อเลยค่ะ // ถุงขอแบบซิปล็อคดีๆ ใช้งานง่ายๆ ค่ะ,3,4,2,2,2,3,4,3,4,3,3,4,3,3,3,4,4,3,3,3,4,4,4,3,4,3,4,3,3,3,4,4,4,3,3,3,4,3,3,3,2,2,3,3,2,2,4,3,3,3,"Option 4, Option 5, Option 7",30-39ปี,หญิง,แต่งงานแล้ว,พันธุ์ไทย/ผสม,Other,0
6/27/2024 15:51:54,เคย,เป็นลูก เป็นเพื่อน,ไทย,คิงแคท ,3,5,4,4,5,มีผล,ภาพแมวจริง หรือแมวสมจริง (AI),4,5,3,3,3,5,5,4,Taste of the wild รูปชัดมาก และตัวอักษรสะดุดตา,คำพูดน่ารักๆ,3,4,3,3,3,3,4,3,3,3,4,4,4,4,4,4,4,3,4,3,3,3,3,3,3,2,2,2,2,2,2,2,2,2,2,5,5,4,4,4,2,2,2,2,2,1,1,1,1,1,"Option 3, Option 4, Option 8",30-39ปี,หญิง,มีแฟนแต่ยังไม่แต่งงาน,พันธุ์ไทย/ผสม,Other,0
6/27/2024 15:52:11,เคย,เป็นเหมือนครอบครัว,แมวจร,Purino neo,5,3,3,3,4,มีผล,ได้ทั้งสองแบบ หากถูกใจ,5,4,5,5,4,3,5,4,Purino Neo เพราะมีบอกส่วนผสมด้านหน้าและคุณสมบัติในรายละเอียด (แมวที่เลี้ยงไม่กินไก่),คุณสมบัติพิเศษเช่น ขับก้อนขน,3,3,3,3,3,3,3,4,3,3,4,4,4,3,4,3,3,4,3,3,3,3,4,3,3,4,5,5,3,4,3,3,3,3,3,3,3,4,3,3,3,4,4,3,3,3,3,3,3,3,"Option 2, Option 3, Option 6",30-39ปี,หญิง,โสด ไม่มีแฟน,พันธุ์ไทย/ผสม,Other,1
6/27/2024 16:02:01,เคย,ลูก + เพื่อน,Ragdoll British Scottish Munchkin ,"King cat, Proplan, Projen, Real power, Instinct ",5,1,5,1,1,มีผล,ได้ทั้งสองแบบ หากถูกใจ,5,3,5,5,5,5,5,1,Buzz Netura,.,2,3,3,3,2,4,4,4,3,4,4,4,4,4,4,5,5,5,5,5,3,3,3,3,3,4,4,4,4,4,5,5,5,5,5,3,3,3,3,3,4,4,4,4,4,3,3,3,3,3,"Option 3, Option 4, Option 7",30-39ปี,หญิง,แต่งงานแล้ว,บริติช ช็อตแฮร์,Other,1
6/27/2024 16:02:54,เคย,เป็นทุกอย่างค่ะ,Scottish fold,สลับกินเกือบทุกแบรนด์ที่เป็น holistic ค่ะ,5,3,2,3,3,ไม่มีผล,ได้ทั้งสองแบบ หากถูกใจ,3,3,4,3,5,4,3,3,ส่วนใหญ่ดูที่ส่วนผสมเป็นหลักมากกว่าค่ะ แต่ถ้าชอบดีไซน์ส่วนตัว taste of the wild,แพคเกจย่อยสลายได้ มีส่วนผสมที่ชัดเจน ,3,3,3,3,3,3,3,3,3,3,4,4,3,3,3,4,4,3,3,3,3,3,3,3,3,4,4,3,3,3,3,4,3,3,3,4,4,3,3,3,3,3,3,3,3,2,3,3,3,3,"Option 3, Option 4, Option 7",30-39ปี,หญิง,แต่งงานแล้ว,สก๊อตติช โฟลด์,Other,1
6/27/2024 16:13:08,เคย,เป็นเพื่อน,ไทย,Kingcat,5,4,5,4,5,มีผล,ภาพแมวจริง หรือแมวสมจริง (AI),4,4,5,5,4,4,4,4,Buzz,ราคา ,3,4,3,3,3,4,4,3,4,4,3,3,3,4,3,2,2,2,2,2,3,3,3,3,3,3,4,4,4,3,4,4,4,3,4,3,3,3,3,3,4,3,3,4,4,2,2,2,2,2,"Option 2, Option 7, Option 9",40-49ปี,หญิง,แต่งงานแล้ว,พันธุ์ไทย/ผสม,Other,0
6/27/2024 16:17:10,เคย,เป็นครอบครัว,ไทย (จร),"you-o gold, king cat, purino neo, buzz, neez, all well",4,3,5,2,5,มีผล,ได้ทั้งสองแบบ หากถูกใจ,3,2,5,5,3,1,4,3,whiskas สีโดเด่นไม่ซ้ำยี่ห้ออื่น,ลอตเตอรี่ลุ้นรางวัล,4,1,3,1,3,4,3,3,1,3,4,3,3,3,3,4,3,3,3,3,3,3,3,3,2,3,2,2,3,1,3,4,3,3,3,4,4,3,3,3,4,4,3,3,3,1,3,3,3,1,"Option 2, Option 3, Option 8",30-39ปี,ชาย,มีแฟนแต่ยังไม่แต่งงาน,พันธุ์ไทย/ผสม,Other,0
6/27/2024 16:20:07,เคย,เป็นทั้งลูกและเพื่อนที่ฉลาด มีไหวพริบ,พันธุ์ทาง,Whiskas ,4,4,5,3,4,มีผล,ได้ทั้งสองแบบ หากถูกใจ,4,4,4,4,3,3,4,2,Whiskas,,2,4,3,3,2,2,4,3,2,2,4,4,4,3,4,2,4,3,2,2,2,2,2,3,2,3,4,4,3,3,2,2,3,2,3,4,4,4,3,4,2,2,2,3,2,2,4,2,2,2,"Option 3, Option 6, Option 8",30-39ปี,หญิง,โสด ไม่มีแฟน,อื่นๆ,Whiskas,0
6/27/2024 16:25:56,เคย,ลูก,วิเชียรมาศ,Projen,5,3,4,3,3,ไม่มีผล,ได้ทั้งสองแบบ หากถูกใจ,3,1,1,5,1,3,3,2,Projen เพราะมองอยู่แบรนด์เดียว,,2,2,1,2,1,1,1,1,1,1,1,1,1,1,1,1,1,1,1,1,1,1,1,1,1,1,1,1,1,1,1,1,1,1,1,3,4,4,3,4,2,1,1,2,2,2,2,2,2,2,"Option 7, Option 8, Option 10",20-29ปี,หญิง,มีแฟนแต่ยังไม่แต่งงาน,อื่นๆ,Other,0
6/27/2024 16:34:57,เคย,แมว = ลูก,แมวไทยเก็บมาเลี้ยงเป็นลูก,"Wellnsss core, king cat",5,3,5,3,3,ไม่มีผล,ได้ทั้งสองแบบ หากถูกใจ,1,1,4,4,3,2,4,2,Projen สีของแต่ละสูตรแยกชัด ไม่รกตา ไม่ทำออกมาให้ดูน่ารักเว่อแบบบางแบรนด์ที่แพ็คเกจน่ารักพรีเมี่ยม แต่วัตถุดิบแย่ไม่ดีต่อสุบภาพแมว,ตรา AAFCO และ % ของโปรตีน ไขมัน และไฟเบอร์ ส่วนผสมตัวโปรตีนหลักพร้อม %,1,1,1,1,1,1,1,1,1,1,1,1,1,1,1,1,1,1,1,1,1,1,1,1,1,4,4,4,4,4,1,1,1,1,1,1,1,1,1,1,1,1,1,1,1,4,4,4,4,4,"Option 6, Option 9, Option 10",30-39ปี,หญิง,แต่งงานแล้ว,พันธุ์ไทย/ผสม,Other,1
6/27/2024 17:21:09,เคย,เป็นเพื่อนที่แวะมาเที่ยวบ้าน,แมวจร,แคทิว่า,4,4,4,4,4,มีผล,ภาพแมวจริง หรือแมวสมจริง (AI),4,4,4,4,4,4,4,4,คิงแคท,,2,3,2,2,2,2,3,3,3,2,4,3,3,3,3,3,3,3,3,3,2,3,3,3,3,3,3,3,4,2,2,3,3,3,2,2,3,2,2,2,2,3,3,3,2,3,4,3,2,2,"Option 3, Option 6, Option 8",40-49ปี,หญิง,แต่งงานแล้ว,พันธุ์ไทย/ผสม,Other,0
6/27/2024 17:24:52,เคย,เหมือนลูกคนสำคัญคนหนึ่ง เป็นสมาชิกที่ทุกคนในบ้านรัก,สก็อตติชโฟลด์,King cat,3,3,4,4,5,ไม่มีผล,ภาพแมวจริง หรือแมวสมจริง (AI),4,4,2,4,3,2,4,5,Kinng Cat / Kativa เพราะเป็นแบรนด์ที่มีชื่อเสียง แมวกินอร่อย น้ำหนักขึ้น อึเป็นก้อน,-,2,3,2,2,3,4,3,4,4,4,4,4,3,4,4,1,3,2,2,2,3,4,4,4,2,3,4,2,2,4,3,3,4,2,4,3,3,3,3,3,3,2,4,4,2,3,3,4,3,4,"Option 3, Option 6, Option 9",20-29ปี,หญิง,โสด ไม่มีแฟน,อื่นๆ,Other,0
6/27/2024 17:30:49,เคย,เหมือนลูก เหมือนเพื่อน,สก็อตติส ผสม เปอร์เซีย,Kativa,3,3,3,3,5,ไม่มีผล,ได้ทั้งสองแบบ หากถูกใจ,5,3,5,3,5,5,5,4,King Cat // Kativa,,3,3,3,2,2,3,3,3,3,2,4,4,3,3,4,4,4,3,3,4,3,3,3,3,2,3,3,3,3,2,3,3,3,3,2,4,4,4,3,4,2,2,2,2,2,1,1,1,1,1,"Option 3, Option 4, Option 8",30-39ปี,หญิง,โสด ไม่มีแฟน,เปอร์เซีย,Other,0
6/27/2024 17:34:01,เคย,เป็นเหมือนคนในครอบครัว,แมวจรจัด ไม่ทราบพันธุ์,Felina Canino VIF ,5,4,3,3,4,มีผล,ได้ทั้งสองแบบ หากถูกใจ,4,4,5,4,4,4,4,3,Felina Canino VIF เพราะรูปบนซองน่ารัก สีสันสวย,ทูน่า,2,2,2,2,2,5,4,3,3,3,5,5,5,4,4,4,4,3,3,3,4,5,3,3,3,4,5,4,3,3,5,5,5,5,5,5,5,4,4,4,5,5,4,5,5,3,4,3,3,2,"Option 3, Option 7, Option 9",20-29ปี,อื่นๆ,มีแฟนแต่ยังไม่แต่งงาน,พันธุ์ไทย/ผสม,Royal Canin,1
6/27/2024 17:37:26,เคย,เป้นสมาชิกในครอบครัว,American shorthair / british shorthair,Solid gold,5,4,5,4,5,มีผล,ภาพการ์ตูน หรือลายเส้น,5,4,5,5,4,5,5,3,Buzz holistic เป็นการ์ตูนน่ารัก,,3,4,3,3,3,3,3,3,3,3,4,4,3,3,4,3,4,3,3,3,3,3,3,3,3,3,4,3,3,3,4,4,3,3,4,4,4,4,3,4,3,3,3,3,3,2,4,2,2,2,"Option 1, Option 2, Option 8",30-39ปี,หญิง,มีแฟนแต่ยังไม่แต่งงาน,บริติช ช็อตแฮร์,Other,0
6/27/2024 17:44:49,เคย,เป็นอีกหนึ่งเมมเบอร์ในครอบครัว ที่อยากเจอทุกๆวัน,แมวพันธุ์ไทย น้องเป็นแมวจรเก็บมาเลี้ยงค่ะ,"You-O, Whiskas",5,4,5,4,5,มีผล,ภาพแมวจริง หรือแมวสมจริง (AI),5,5,5,3,3,3,5,5,Firskies สีสันสดใสและโลโก้สะดุดตาจำง่าย,ไม่มี,5,5,4,4,3,5,5,3,4,3,5,5,5,5,5,5,5,5,5,5,4,4,3,3,3,3,3,3,3,3,4,4,4,3,3,4,4,3,2,3,3,3,3,3,3,3,3,3,3,3,"Option 1, Option 3, Option 4",30-39ปี,หญิง,โสด ไม่มีแฟน,พันธุ์ไทย/ผสม,Whiskas,0
6/27/2024 20:30:53,เคย,เป็นเหมือนลูกของเรา,ไทย,Monchou,5,1,5,1,1,มีผล,ได้ทั้งสองแบบ หากถูกใจ,5,1,5,5,5,1,5,1,แคทิว่า เพราะชอบฟังเดอะโกสต์,รายละเอียดอาหารให้เหมือนรายละเอียดอาหารคน บางทีบอกไม่เค็ม แต่ไม่บอกปริมาณโซเดียม ทำให้ไม่สามารถรู้ได้ว่าไม่เค็มแบบใดห์,3,3,3,3,3,3,3,3,3,3,4,4,4,3,4,3,3,3,3,3,3,3,3,3,3,3,4,3,4,3,3,4,4,4,3,3,3,3,3,3,3,3,3,3,3,3,3,3,3,3,"Option 1, Option 3, Option 7",20-29ปี,ชาย,โสด ไม่มีแฟน,พันธุ์ไทย/ผสม,Other,0
6/27/2024 21:48:55,เคย,เหมือนลูกของเรา,ไทย,King cat,5,2,5,3,5,มีผล,ภาพแมวจริง หรือแมวสมจริง (AI),5,4,3,5,5,4,4,4,King cat เพราะแมวชอบกินไม่เบื่อ และมี ฟังก์ชันช่วยเรื่องไตของแมว,ของแถมที่คล้ายๆกล่องสุ่ม ได้ลุ้นว่าจะเจออะไร,3,4,2,4,3,2,3,4,2,2,4,4,4,4,3,3,4,3,4,2,2,3,3,3,2,4,5,4,4,4,2,5,2,3,3,4,5,4,4,4,3,3,2,2,2,2,2,3,2,2,"Option 1, Option 6, Option 8",40-49ปี,ชาย,มีแฟนแต่ยังไม่แต่งงาน,พันธุ์ไทย/ผสม,Other,1
6/28/2024 0:32:50,เคย,ลูก,แมวพันธ์ไทย + พันธ์ไทยผสมเปอร์เซีย,อาหารแมว friskies,5,4,4,3,4,ไม่มีผล,ภาพแมวจริง หรือแมวสมจริง (AI),3,3,3,5,4,3,4,5,อาหารแมว friskies // สีบรรจุภัณฑสดใส,รูปลักษณะเม็ดที่ชัดเจน ,4,4,3,3,3,4,4,3,3,3,4,4,4,4,4,4,4,3,3,3,3,3,3,3,3,2,4,3,3,3,3,4,3,3,3,3,3,3,3,3,3,3,3,3,3,3,3,3,3,3,"Option 2, Option 3, Option 4",20-29ปี,หญิง,มีแฟนแต่ยังไม่แต่งงาน,พันธุ์ไทย/ผสม,Other,0
6/28/2024 9:32:59,เคย,เป็นสัตว์เลี้ยงแสนรัก,สก๊อตติช,เชียร์แชร์,3,3,4,3,4,ไม่มีผล,ได้ทั้งสองแบบ หากถูกใจ,3,2,5,3,3,3,4,4,วิสกัส มันจดจำได้โดดเด่นจากสี ci และแมวพันธุ์นั้น ลายนั้นบนถุงวิสกัส ที่พอเห็นตัวจริง ก็จะเรียกว่าแมววิสกัส,อยากให้เพิ่มพื้นที่สีใสๆ ให้มองเห็นข้างในจริงๆ,2,2,2,2,2,3,3,3,3,3,3,3,3,3,4,3,4,3,3,4,4,3,4,4,3,3,3,3,3,3,3,3,3,3,3,3,3,3,3,3,3,3,3,4,3,3,4,3,3,3,"Option 3, Option 5, Option 9",20-29ปี,หญิง,มีแฟนแต่ยังไม่แต่งงาน,สก๊อตติช โฟลด์,Other,0
6/28/2024 10:30:32,เคย,เป็นลูก,เก็บมาเลี้ยง,พูริโน่นีโอ,5,3,5,3,3,ไม่มีผล,ภาพแมวจริง หรือแมวสมจริง (AI),3,3,3,3,5,3,4,4,พูริโน่่่นีโอ,-,5,5,5,5,5,5,5,5,5,5,5,5,5,5,5,5,5,5,5,5,3,3,3,3,3,3,3,3,3,3,3,3,3,3,3,3,3,3,3,3,3,3,3,3,3,3,3,3,3,3,"Option 1, Option 2, Option 3",40-49ปี,หญิง,โสด ไม่มีแฟน,อื่นๆ,Other,0
6/28/2024 11:12:40,เคย,เป็นเหมือนลูก,เปอร์เซีย,Perfecta,5,2,3,1,3,ไม่มีผล,ภาพแมวจริง หรือแมวสมจริง (AI),5,3,5,5,4,5,5,4,king cat โลโก้จดจำง่าย,ที่ตักอาหาร,2,4,1,1,1,2,4,1,2,1,2,5,3,3,3,2,5,3,3,3,1,4,2,2,1,3,4,3,3,3,2,5,1,2,1,3,5,3,3,3,2,5,2,2,1,3,4,4,3,3,"Option 3, Option 6, Option 10",30-39ปี,หญิง,แต่งงานแล้ว,เปอร์เซีย,Other,0
6/28/2024 11:20:13,เคย,เป็นลูกของเรา,แมวไทยบ้านๆ,พูริโน่,5,3,5,3,4,ไม่มีผล,ภาพแมวจริง หรือแมวสมจริง (AI),3,4,3,2,3,2,4,3,"คิงแคทส์ , คาร์นิว่า",ที่เปิดทึ่สะดวกและไม่ยุ่งยาก,4,4,4,4,4,3,4,3,2,2,3,3,3,2,2,3,3,3,2,2,2,2,2,2,2,3,3,3,3,2,3,3,3,3,2,4,4,3,3,3,3,3,2,2,2,4,5,4,4,4,"Option 1, Option 8, Option 10",50ปี ขึ้นไป,หญิง,โสด ไม่มีแฟน,พันธุ์ไทย/ผสม,Other,0
6/28/2024 11:28:50,เคย,เป็นเหมือนสมาชิกหนึ่งในบ้าน,"หิมารยัน, หิมารยันผสม",Kativa,5,3,5,2,3,มีผล,ภาพแมวจริง หรือแมวสมจริง (AI),4,4,5,5,4,4,5,4,King Cat,คุณค่าทางอาหาร/ สื่อถึงสุขภาพที่ดีหากกินอาหารชนิดนั้น /รสชาติอาหารทำจากวัตถุดิบใดระบุ ให้ชัดเจน,2,2,1,1,1,3,3,2,2,2,3,4,3,3,2,3,3,3,3,3,3,3,3,3,3,2,2,2,2,2,3,3,3,3,3,3,3,3,3,3,4,4,3,3,2,3,5,4,3,2,"Option 3, Option 5, Option 9",40-49ปี,หญิง,แต่งงานแล้ว,อื่นๆ,Other,0
6/28/2024 11:52:36,เคย,สัตว์เลี้ยงในบ้าน,ไทยแท้ (แมวจร),Wishkas,4,3,4,3,3,มีผล,ภาพแมวจริง หรือแมวสมจริง (AI),4,4,5,5,4,5,5,3,Wishkas เห็นบ่อย,ของเล่นแมว,4,4,4,4,4,4,4,4,4,4,4,4,4,4,4,4,4,4,4,4,4,4,4,4,4,4,4,4,4,4,4,4,4,4,4,4,4,4,4,4,4,4,4,4,4,3,4,4,4,4,"Option 1, Option 2, Option 6",40-49ปี,ชาย,แต่งงานแล้ว,พันธุ์ไทย/ผสม,Other,1
6/28/2024 11:58:25,เคย,เป็นเพื่อนเล่นคลายเครียด จับๆลูบๆแล้วฮีลใจ ,พันธุ์ผสม หิมาลายัน+ไทย,Kativa,5,2,3,2,4,มีผล,ได้ทั้งสองแบบ หากถูกใจ,3,3,3,4,3,3,4,3,Kativa รูปแมวน่ารักดี,อยากให้แบ่งเป็นห่อเล็กๆในถุงอย่างเช่นถุง 10 โลข้างในอาจจะแบ่งเป็นถุงๆละโล,3,3,3,2,3,4,3,3,3,4,4,3,3,3,4,3,4,3,3,3,4,4,3,3,4,3,4,3,3,3,3,3,3,3,3,3,3,3,3,3,3,3,3,3,3,3,3,3,3,3,"Option 2, Option 3, Option 5",40-49ปี,หญิง,โสด ไม่มีแฟน,พันธุ์ไทย/ผสม,Other,0
6/28/2024 12:32:49,เคย,เพื่อนคลายเหงา,เปอร์เซีย,Will,4,4,4,4,4,มีผล,ได้ทั้งสองแบบ หากถูกใจ,4,4,5,5,4,5,5,4,แคทิวา,,3,3,3,3,3,4,3,3,4,4,4,4,3,4,3,2,2,2,2,2,3,2,2,3,2,3,3,3,3,3,3,3,3,3,3,2,2,2,2,2,3,3,3,3,3,2,3,2,2,2,"Option 1, Option 2, Option 3",20-29ปี,ชาย,แต่งงานแล้ว,เปอร์เซีย,Other,0
6/28/2024 13:45:31,เคย,ปกติชอบเลี้ยงสุนัขครับ ส่วนแมว ลูกๆชอบครับผม,ลูกครึ่งเปอร์เซีย,คิงแคท,4,3,3,3,4,มีผล,ได้ทั้งสองแบบ หากถูกใจ,3,3,3,4,5,5,5,3,วิสกัส โฆษณาโปรโมทแทบในทุกสื่อ,ซิบล็อค,3,3,3,3,3,3,3,3,3,3,3,4,3,3,4,3,3,3,3,3,3,3,3,3,3,3,3,3,3,3,3,3,3,3,3,3,3,3,3,3,3,3,3,3,3,3,3,3,3,3,"Option 3, Option 6, Option 8",50ปี ขึ้นไป,ชาย,แต่งงานแล้ว,เปอร์เซีย,Other,0
6/28/2024 15:42:38,เคย,ราคา,ข้างทาง,You-O,3,3,3,3,3,ไม่มีผล,ได้ทั้งสองแบบ หากถูกใจ,3,3,3,3,3,3,3,3,ใช้เลี้ยงแมวอายุเท่าไร่,ส่วนใหญ่ดูราคา,4,4,3,3,4,4,4,4,3,4,4,4,3,3,3,3,3,3,3,3,4,4,4,4,4,4,3,3,3,4,3,3,3,3,3,4,4,3,3,4,3,3,3,3,3,3,3,3,3,3,"Option 1, Option 2, Option 5",50ปี ขึ้นไป,หญิง,แต่งงานแล้ว,อื่นๆ,Other,1
6/28/2024 16:25:11,เคย,สัตว์เลี้ยง,ไทย,YouO,5,5,5,5,4,มีผล,ได้ทั้งสองแบบ หากถูกใจ,5,5,5,5,5,5,5,5,YouO,,3,3,3,3,3,4,4,4,4,4,5,5,5,5,5,4,4,4,4,4,4,4,4,4,4,5,5,5,5,5,5,5,5,5,5,4,4,4,4,4,3,3,3,3,3,3,3,3,3,3,"Option 3, Option 4, Option 6",50ปี ขึ้นไป,หญิง,โสด ไม่มีแฟน,พันธุ์ไทย/ผสม,Other,1
6/28/2024 16:47:14,เคย,"เพื่อน , เป็นส่วนหนึ่งของครอบครัว",แมวไทย ขาวปลอด,ทั่วไปๆ,5,3,3,3,3,มีผล,ได้ทั้งสองแบบ หากถูกใจ,3,3,3,3,3,3,3,3,รวม ๆไม่เด่น,ไม่มี,4,4,4,3,4,4,4,4,4,4,4,4,4,4,4,4,4,4,4,4,4,4,4,4,4,4,4,4,4,4,4,4,4,4,4,4,4,4,4,4,4,4,4,4,4,4,4,4,4,4,"Option 2, Option 3, Option 6",50ปี ขึ้นไป,ชาย,แต่งงานแล้ว,พันธุ์ไทย/ผสม,Other,1
6/28/2024 16:53:17,เคย,ภาระจำยอม​ ต้องเลี้ยงให้ลูก,Scottish และ​ไทย,king cat.และ​ purino,5,3,4,3,5,มีผล,ได้ทั้งสองแบบ หากถูกใจ,3,3,3,5,5,4,4,3,Wills. รูปแมวหน้าถุงบรรจุสวยและตัวใหญ่เห็นชัด,เนื้อปลาทูน่า​ ปลาแซลมอน,4,4,3,3,3,3,3,3,3,3,4,4,4,4,4,3,3,3,3,3,2,2,2,2,2,2,2,2,2,2,2,2,2,2,2,4,3,4,4,4,2,2,2,2,1,1,1,1,1,1,"Option 1, Option 3, Option 8",50ปี ขึ้นไป,หญิง,แต่งงานแล้ว,พันธุ์ไทย/ผสม,Other,0
6/28/2024 23:36:18,เคย,เพื่อน,สีสวาท,วิสคัส,4,3,3,2,2,ไม่มีผล,ได้ทั้งสองแบบ หากถูกใจ,3,4,4,3,3,3,3,4,-,สัญลักษณ์รับรองคุณภาพ,4,3,4,4,3,4,4,3,4,4,5,5,4,5,4,3,2,2,2,2,2,2,2,2,2,3,4,4,3,3,3,3,3,3,3,3,2,2,2,2,2,2,2,2,3,3,3,3,3,3,"Option 2, Option 3, Option 6",40-49ปี,ชาย,มีแฟนแต่ยังไม่แต่งงาน,อื่นๆ,Other,0
6/30/2024 19:23:39,เคย,เป็นเพื่อนแก้เหงา เบื่อเราก็ทะเลาะกัน,ไทย-ดำ,วิสกัส ภูริโน,5,4,5,3,4,มีผล,ได้ทั้งสองแบบ หากถูกใจ,4,5,5,5,5,3,3,5,วิสกัส  คุ้นเคย ใช้มานาน ของดีมาก,แถมของเล่นให้น้อง“แมว“,5,5,5,5,5,3,3,2,2,2,4,5,3,5,5,4,4,4,4,4,2,2,2,2,2,5,5,5,5,5,3,3,3,3,3,4,4,4,4,4,2,2,2,2,2,4,4,4,4,4,"Option 1, Option 3, Option 4",50ปี ขึ้นไป,หญิง,แต่งงานแล้ว,พันธุ์ไทย/ผสม,Whiskas,1
7/1/2024 5:34:50,เคย,เป็นเหมือนลูก,พื้นเมือง,ยูโอ,3,3,4,3,3,ไม่มีผล,ภาพแมวจริง หรือแมวสมจริง (AI),4,4,4,4,4,4,4,4,ยูโอ,,3,3,3,3,3,4,4,3,4,4,4,4,4,4,4,4,4,4,4,4,4,4,4,4,4,4,4,4,4,4,4,4,4,4,4,4,4,4,4,4,4,4,4,4,4,3,3,3,3,3,"Option 1, Option 5, Option 7",50ปี ขึ้นไป,หญิง,แต่งงานแล้ว,อื่นๆ,Other,1
7/12/2024 0:40:39,เคย,เพื่อนรัก,พันธุ์ไทย เก็บมาเลี้ยง,Pramy,4,3,5,2,3,มีผล,ได้ทั้งสองแบบ หากถูกใจ,3,3,4,4,4,3,5,3,คิงงแคทส์ พูริโน,เลียแมว,3,3,3,3,4,3,3,3,3,3,3,3,3,3,3,3,3,3,3,3,4,4,3,4,4,4,5,3,3,3,4,4,3,3,3,1,1,1,1,1,4,4,4,4,4,3,3,2,2,2,"Option 1, Option 5, Option 6",30-39ปี,หญิง,โสด ไม่มีแฟน,พันธุ์ไทย/ผสม,Other,1
